a,b,group_a,group_b,rho,p_holm,considered
mass,friction_slide,physical,physical,0.028043,1,0
mass,spawn_height,physical,physical,-0.009794,1,0
mass,obj_radius,physical,layout,0.020035,1,1
mass,approach_angle,physical,layout,-0.003882,1,1
mass,push_dist,physical,layout,-0.009184,1,1
mass,obj_yaw,physical,layout,0.003505,1,1
mass,distractor_angle,physical,layout,0.002061,1,1
mass,distractor_side,physical,layout,0.002990,1,1
mass,distractor_radius,physical,layout,0.027815,1,1
mass,obj_size,physical,appearance,0.012857,1,1
mass,obj_hue,physical,appearance,0.013598,1,1
mass,obj_hue_sin,physical,appearance,-0.010290,1,1
mass,obj_hue_cos,physical,appearance,0.016353,1,1
mass,obj_geom_type=box,physical,appearance,0.013755,1,1
mass,obj_geom_type=sphere,physical,appearance,-0.021643,1,1
mass,obj_geom_type=cylinder,physical,appearance,0.007855,1,1
mass,floor_gray,physical,appearance,-0.005095,1,1
mass,light_x,physical,appearance,-0.025005,1,1
mass,light_y,physical,appearance,0.027859,1,1
mass,light_z,physical,appearance,0.001648,1,1
mass,cam_daz,physical,appearance,-0.007522,1,1
mass,cam_del,physical,appearance,0.015406,1,1
mass,cam_ddist,physical,appearance,-0.024071,1,1
mass,distractor_present,physical,appearance,0.010088,1,1
mass,distractor_size,physical,appearance,0.027113,1,1
mass,distractor_hue,physical,appearance,-0.022750,1,1
mass,distractor_hue_sin,physical,appearance,0.027590,1,1
mass,distractor_hue_cos,physical,appearance,0.013007,1,1
mass,distractor_geom_type=box,physical,appearance,-0.000395,1,1
mass,distractor_geom_type=sphere,physical,appearance,-0.000775,1,1
mass,distractor_geom_type=cylinder,physical,appearance,0.001179,1,1
friction_slide,spawn_height,physical,physical,0.005914,1,0
friction_slide,obj_radius,physical,layout,-0.003010,1,1
friction_slide,approach_angle,physical,layout,0.019066,1,1
friction_slide,push_dist,physical,layout,0.009043,1,1
friction_slide,obj_yaw,physical,layout,-0.020155,1,1
friction_slide,distractor_angle,physical,layout,0.015467,1,1
friction_slide,distractor_side,physical,layout,-0.002410,1,1
friction_slide,distractor_radius,physical,layout,0.016478,1,1
friction_slide,obj_size,physical,appearance,-0.003114,1,1
friction_slide,obj_hue,physical,appearance,0.020897,1,1
friction_slide,obj_hue_sin,physical,appearance,-0.023161,1,1
friction_slide,obj_hue_cos,physical,appearance,0.020747,1,1
friction_slide,obj_geom_type=box,physical,appearance,0.002179,1,1
friction_slide,obj_geom_type=sphere,physical,appearance,-0.004944,1,1
friction_slide,obj_geom_type=cylinder,physical,appearance,0.002746,1,1
friction_slide,floor_gray,physical,appearance,-0.024587,1,1
friction_slide,light_x,physical,appearance,-0.006330,1,1
friction_slide,light_y,physical,appearance,0.009581,1,1
friction_slide,light_z,physical,appearance,0.034614,1,1
friction_slide,cam_daz,physical,appearance,0.008827,1,1
friction_slide,cam_del,physical,appearance,-0.014633,1,1
friction_slide,cam_ddist,physical,appearance,-0.013921,1,1
friction_slide,distractor_present,physical,appearance,0.003939,1,1
friction_slide,distractor_size,physical,appearance,-0.010192,1,1
friction_slide,distractor_hue,physical,appearance,0.031171,1,1
friction_slide,distractor_hue_sin,physical,appearance,-0.013376,1,1
friction_slide,distractor_hue_cos,physical,appearance,-0.007109,1,1
friction_slide,distractor_geom_type=box,physical,appearance,-0.007060,1,1
friction_slide,distractor_geom_type=sphere,physical,appearance,0.004412,1,1
friction_slide,distractor_geom_type=cylinder,physical,appearance,0.002743,1,1
spawn_height,obj_radius,physical,layout,-0.028292,1,1
spawn_height,approach_angle,physical,layout,0.001636,1,1
spawn_height,push_dist,physical,layout,-0.009896,1,1
spawn_height,obj_yaw,physical,layout,-0.008771,1,1
spawn_height,distractor_angle,physical,layout,-0.018589,1,1
spawn_height,distractor_side,physical,layout,0.016611,1,1
spawn_height,distractor_radius,physical,layout,0.046978,1,1
spawn_height,obj_size,physical,appearance,0.005593,1,1
spawn_height,obj_hue,physical,appearance,0.003236,1,1
spawn_height,obj_hue_sin,physical,appearance,0.005185,1,1
spawn_height,obj_hue_cos,physical,appearance,0.002888,1,1
spawn_height,obj_geom_type=box,physical,appearance,0.001993,1,1
spawn_height,obj_geom_type=sphere,physical,appearance,-0.025822,1,1
spawn_height,obj_geom_type=cylinder,physical,appearance,0.023615,1,1
spawn_height,floor_gray,physical,appearance,-0.019496,1,1
spawn_height,light_x,physical,appearance,0.018465,1,1
spawn_height,light_y,physical,appearance,-0.014044,1,1
spawn_height,light_z,physical,appearance,-0.005654,1,1
spawn_height,cam_daz,physical,appearance,0.004707,1,1
spawn_height,cam_del,physical,appearance,-0.030252,1,1
spawn_height,cam_ddist,physical,appearance,-0.008720,1,1
spawn_height,distractor_present,physical,appearance,0.009068,1,1
spawn_height,distractor_size,physical,appearance,-0.002768,1,1
spawn_height,distractor_hue,physical,appearance,-0.033480,1,1
spawn_height,distractor_hue_sin,physical,appearance,0.017642,1,1
spawn_height,distractor_hue_cos,physical,appearance,0.001735,1,1
spawn_height,distractor_geom_type=box,physical,appearance,-0.019523,1,1
spawn_height,distractor_geom_type=sphere,physical,appearance,0.021239,1,1
spawn_height,distractor_geom_type=cylinder,physical,appearance,-0.001489,1,1
obj_radius,approach_angle,layout,layout,0.000848,1,0
obj_radius,push_dist,layout,layout,0.024037,1,0
obj_radius,obj_yaw,layout,layout,-0.007779,1,0
obj_radius,distractor_angle,layout,layout,0.011325,1,0
obj_radius,distractor_side,layout,layout,0.011225,1,0
obj_radius,distractor_radius,layout,layout,-0.024181,1,0
obj_radius,obj_size,layout,appearance,0.035606,1,1
obj_radius,obj_hue,layout,appearance,0.004500,1,1
obj_radius,obj_hue_sin,layout,appearance,-0.002751,1,1
obj_radius,obj_hue_cos,layout,appearance,0.000144,1,1
obj_radius,obj_geom_type=box,layout,appearance,-0.010970,1,1
obj_radius,obj_geom_type=sphere,layout,appearance,0.001984,1,1
obj_radius,obj_geom_type=cylinder,layout,appearance,0.008872,1,1
obj_radius,floor_gray,layout,appearance,-0.009828,1,1
obj_radius,light_x,layout,appearance,0.013598,1,1
obj_radius,light_y,layout,appearance,0.005030,1,1
obj_radius,light_z,layout,appearance,0.011456,1,1
obj_radius,cam_daz,layout,appearance,-0.010585,1,1
obj_radius,cam_del,layout,appearance,-0.029124,1,1
obj_radius,cam_ddist,layout,appearance,-0.014321,1,1
obj_radius,distractor_present,layout,appearance,-0.027620,1,1
obj_radius,distractor_size,layout,appearance,0.013744,1,1
obj_radius,distractor_hue,layout,appearance,0.003127,1,1
obj_radius,distractor_hue_sin,layout,appearance,-0.006994,1,1
obj_radius,distractor_hue_cos,layout,appearance,-0.031427,1,1
obj_radius,distractor_geom_type=box,layout,appearance,-0.013702,1,1
obj_radius,distractor_geom_type=sphere,layout,appearance,0.050584,1,1
obj_radius,distractor_geom_type=cylinder,layout,appearance,-0.036873,1,1
approach_angle,push_dist,layout,layout,-0.006639,1,0
approach_angle,obj_yaw,layout,layout,-0.043893,1,0
approach_angle,distractor_angle,layout,layout,0.007747,1,0
approach_angle,distractor_side,layout,layout,0.014348,1,0
approach_angle,distractor_radius,layout,layout,0.031059,1,0
approach_angle,obj_size,layout,appearance,-0.010906,1,1
approach_angle,obj_hue,layout,appearance,-0.001822,1,1
approach_angle,obj_hue_sin,layout,appearance,-0.007301,1,1
approach_angle,obj_hue_cos,layout,appearance,-0.003400,1,1
approach_angle,obj_geom_type=box,layout,appearance,0.019802,1,1
approach_angle,obj_geom_type=sphere,layout,appearance,-0.043047,1,1
approach_angle,obj_geom_type=cylinder,layout,appearance,0.023087,1,1
approach_angle,floor_gray,layout,appearance,0.014131,1,1
approach_angle,light_x,layout,appearance,-0.004585,1,1
approach_angle,light_y,layout,appearance,-0.024008,1,1
approach_angle,light_z,layout,appearance,-0.022910,1,1
approach_angle,cam_daz,layout,appearance,-0.022769,1,1
approach_angle,cam_del,layout,appearance,0.021833,1,1
approach_angle,cam_ddist,layout,appearance,-0.010638,1,1
approach_angle,distractor_present,layout,appearance,-0.003982,1,1
approach_angle,distractor_size,layout,appearance,-0.025853,1,1
approach_angle,distractor_hue,layout,appearance,0.012220,1,1
approach_angle,distractor_hue_sin,layout,appearance,-0.008602,1,1
approach_angle,distractor_hue_cos,layout,appearance,0.013916,1,1
approach_angle,distractor_geom_type=box,layout,appearance,0.012588,1,1
approach_angle,distractor_geom_type=sphere,layout,appearance,-0.032701,1,1
approach_angle,distractor_geom_type=cylinder,layout,appearance,0.020047,1,1
push_dist,obj_yaw,layout,layout,-0.020272,1,0
push_dist,distractor_angle,layout,layout,-0.027664,1,0
push_dist,distractor_side,layout,layout,-0.002182,1,0
push_dist,distractor_radius,layout,layout,-0.033024,1,0
push_dist,obj_size,layout,appearance,0.031442,1,1
push_dist,obj_hue,layout,appearance,-0.010230,1,1
push_dist,obj_hue_sin,layout,appearance,0.015756,1,1
push_dist,obj_hue_cos,layout,appearance,-0.001023,1,1
push_dist,obj_geom_type=box,layout,appearance,-0.019436,1,1
push_dist,obj_geom_type=sphere,layout,appearance,-0.016350,1,1
push_dist,obj_geom_type=cylinder,layout,appearance,0.035401,1,1
push_dist,floor_gray,layout,appearance,-0.003241,1,1
push_dist,light_x,layout,appearance,-0.004081,1,1
push_dist,light_y,layout,appearance,-0.014369,1,1
push_dist,light_z,layout,appearance,0.019406,1,1
push_dist,cam_daz,layout,appearance,-0.013633,1,1
push_dist,cam_del,layout,appearance,-0.036000,1,1
push_dist,cam_ddist,layout,appearance,0.005021,1,1
push_dist,distractor_present,layout,appearance,0.024566,1,1
push_dist,distractor_size,layout,appearance,0.013586,1,1
push_dist,distractor_hue,layout,appearance,0.015818,1,1
push_dist,distractor_hue_sin,layout,appearance,0.008256,1,1
push_dist,distractor_hue_cos,layout,appearance,0.004888,1,1
push_dist,distractor_geom_type=box,layout,appearance,0.012851,1,1
push_dist,distractor_geom_type=sphere,layout,appearance,0.008303,1,1
push_dist,distractor_geom_type=cylinder,layout,appearance,-0.021396,1,1
obj_yaw,distractor_angle,layout,layout,0.011532,1,0
obj_yaw,distractor_side,layout,layout,0.002134,1,0
obj_yaw,distractor_radius,layout,layout,0.008777,1,0
obj_yaw,obj_size,layout,appearance,0.022159,1,1
obj_yaw,obj_hue,layout,appearance,0.002504,1,1
obj_yaw,obj_hue_sin,layout,appearance,0.021483,1,1
obj_yaw,obj_hue_cos,layout,appearance,-0.002531,1,1
obj_yaw,obj_geom_type=box,layout,appearance,0.005328,1,1
obj_yaw,obj_geom_type=sphere,layout,appearance,0.003683,1,1
obj_yaw,obj_geom_type=cylinder,layout,appearance,-0.008913,1,1
obj_yaw,floor_gray,layout,appearance,-0.003696,1,1
obj_yaw,light_x,layout,appearance,-0.008581,1,1
obj_yaw,light_y,layout,appearance,0.037992,1,1
obj_yaw,light_z,layout,appearance,0.040221,1,1
obj_yaw,cam_daz,layout,appearance,-0.019201,1,1
obj_yaw,cam_del,layout,appearance,-0.019595,1,1
obj_yaw,cam_ddist,layout,appearance,0.030889,1,1
obj_yaw,distractor_present,layout,appearance,0.024302,1,1
obj_yaw,distractor_size,layout,appearance,-0.025235,1,1
obj_yaw,distractor_hue,layout,appearance,0.005612,1,1
obj_yaw,distractor_hue_sin,layout,appearance,-0.001442,1,1
obj_yaw,distractor_hue_cos,layout,appearance,-0.006457,1,1
obj_yaw,distractor_geom_type=box,layout,appearance,-0.013749,1,1
obj_yaw,distractor_geom_type=sphere,layout,appearance,0.035943,1,1
obj_yaw,distractor_geom_type=cylinder,layout,appearance,-0.022123,1,1
distractor_angle,distractor_side,layout,layout,-0.007500,1,0
distractor_angle,distractor_radius,layout,layout,0.009243,1,0
distractor_angle,obj_size,layout,appearance,-0.020119,1,1
distractor_angle,obj_hue,layout,appearance,-0.013659,1,1
distractor_angle,obj_hue_sin,layout,appearance,-0.004667,1,1
distractor_angle,obj_hue_cos,layout,appearance,0.014903,1,1
distractor_angle,obj_geom_type=box,layout,appearance,0.016274,1,1
distractor_angle,obj_geom_type=sphere,layout,appearance,-0.014470,1,1
distractor_angle,obj_geom_type=cylinder,layout,appearance,-0.001742,1,1
distractor_angle,floor_gray,layout,appearance,0.011681,1,1
distractor_angle,light_x,layout,appearance,-0.018341,1,1
distractor_angle,light_y,layout,appearance,0.023301,1,1
distractor_angle,light_z,layout,appearance,0.009802,1,1
distractor_angle,cam_daz,layout,appearance,-0.025563,1,1
distractor_angle,cam_del,layout,appearance,0.010123,1,1
distractor_angle,cam_ddist,layout,appearance,0.020424,1,1
distractor_angle,distractor_present,layout,appearance,0.006535,1,1
distractor_angle,distractor_size,layout,appearance,-0.027864,1,1
distractor_angle,distractor_hue,layout,appearance,0.041162,1,1
distractor_angle,distractor_hue_sin,layout,appearance,-0.052593,1,1
distractor_angle,distractor_hue_cos,layout,appearance,0.012694,1,1
distractor_angle,distractor_geom_type=box,layout,appearance,0.010502,1,1
distractor_angle,distractor_geom_type=sphere,layout,appearance,0.019577,1,1
distractor_angle,distractor_geom_type=cylinder,layout,appearance,-0.030330,1,1
distractor_side,distractor_radius,layout,layout,0.009814,1,0
distractor_side,obj_size,layout,appearance,-0.004238,1,1
distractor_side,obj_hue,layout,appearance,0.033574,1,1
distractor_side,obj_hue_sin,layout,appearance,-0.012101,1,1
distractor_side,obj_hue_cos,layout,appearance,-0.022475,1,1
distractor_side,obj_geom_type=box,layout,appearance,-0.005250,1,1
distractor_side,obj_geom_type=sphere,layout,appearance,0.029513,1,1
distractor_side,obj_geom_type=cylinder,layout,appearance,-0.024054,1,1
distractor_side,floor_gray,layout,appearance,0.015382,1,1
distractor_side,light_x,layout,appearance,-0.010756,1,1
distractor_side,light_y,layout,appearance,-0.043309,1,1
distractor_side,light_z,layout,appearance,-0.008274,1,1
distractor_side,cam_daz,layout,appearance,0.000992,1,1
distractor_side,cam_del,layout,appearance,0.027039,1,1
distractor_side,cam_ddist,layout,appearance,0.001850,1,1
distractor_side,distractor_present,layout,appearance,0.023325,1,1
distractor_side,distractor_size,layout,appearance,0.015992,1,1
distractor_side,distractor_hue,layout,appearance,-0.005659,1,1
distractor_side,distractor_hue_sin,layout,appearance,-0.000540,1,1
distractor_side,distractor_hue_cos,layout,appearance,-0.004349,1,1
distractor_side,distractor_geom_type=box,layout,appearance,-0.003666,1,1
distractor_side,distractor_geom_type=sphere,layout,appearance,-0.001675,1,1
distractor_side,distractor_geom_type=cylinder,layout,appearance,0.005408,1,1
distractor_radius,obj_size,layout,appearance,-0.027233,1,1
distractor_radius,obj_hue,layout,appearance,0.010125,1,1
distractor_radius,obj_hue_sin,layout,appearance,-0.024028,1,1
distractor_radius,obj_hue_cos,layout,appearance,0.004747,1,1
distractor_radius,obj_geom_type=box,layout,appearance,-0.031570,1,1
distractor_radius,obj_geom_type=sphere,layout,appearance,0.007978,1,1
distractor_radius,obj_geom_type=cylinder,layout,appearance,0.023285,1,1
distractor_radius,floor_gray,layout,appearance,0.035342,1,1
distractor_radius,light_x,layout,appearance,0.000898,1,1
distractor_radius,light_y,layout,appearance,-0.027911,1,1
distractor_radius,light_z,layout,appearance,0.015817,1,1
distractor_radius,cam_daz,layout,appearance,0.000767,1,1
distractor_radius,cam_del,layout,appearance,-0.007244,1,1
distractor_radius,cam_ddist,layout,appearance,-0.005581,1,1
distractor_radius,distractor_present,layout,appearance,0.017097,1,1
distractor_radius,distractor_size,layout,appearance,-0.010056,1,1
distractor_radius,distractor_hue,layout,appearance,-0.009021,1,1
distractor_radius,distractor_hue_sin,layout,appearance,0.008527,1,1
distractor_radius,distractor_hue_cos,layout,appearance,0.008615,1,1
distractor_radius,distractor_geom_type=box,layout,appearance,-0.011016,1,1
distractor_radius,distractor_geom_type=sphere,layout,appearance,0.004418,1,1
distractor_radius,distractor_geom_type=cylinder,layout,appearance,0.006757,1,1
obj_size,obj_hue,appearance,appearance,0.001996,1,0
obj_size,obj_hue_sin,appearance,appearance,-0.004565,1,0
obj_size,obj_hue_cos,appearance,appearance,-0.007646,1,0
obj_size,obj_geom_type=box,appearance,appearance,0.012903,1,0
obj_size,obj_geom_type=sphere,appearance,appearance,-0.009474,1,0
obj_size,obj_geom_type=cylinder,appearance,appearance,-0.003361,1,0
obj_size,floor_gray,appearance,appearance,0.006582,1,0
obj_size,light_x,appearance,appearance,-0.011726,1,0
obj_size,light_y,appearance,appearance,0.012970,1,0
obj_size,light_z,appearance,appearance,0.007734,1,0
obj_size,cam_daz,appearance,appearance,0.012744,1,0
obj_size,cam_del,appearance,appearance,-0.003862,1,0
obj_size,cam_ddist,appearance,appearance,0.009556,1,0
obj_size,distractor_present,appearance,appearance,-0.010598,1,0
obj_size,distractor_size,appearance,appearance,-0.005565,1,0
obj_size,distractor_hue,appearance,appearance,-0.009779,1,0
obj_size,distractor_hue_sin,appearance,appearance,0.002046,1,0
obj_size,distractor_hue_cos,appearance,appearance,-0.009618,1,0
obj_size,distractor_geom_type=box,appearance,appearance,-0.017462,1,0
obj_size,distractor_geom_type=sphere,appearance,appearance,0.008771,1,0
obj_size,distractor_geom_type=cylinder,appearance,appearance,0.008936,1,0
obj_hue,obj_hue_sin,appearance,appearance,-0.756854,1,0
obj_hue,obj_hue_cos,appearance,appearance,0.015461,1,0
obj_hue,obj_geom_type=box,appearance,appearance,0.024136,1,0
obj_hue,obj_geom_type=sphere,appearance,appearance,0.005535,1,0
obj_hue,obj_geom_type=cylinder,appearance,appearance,-0.029329,1,0
obj_hue,floor_gray,appearance,appearance,0.026558,1,0
obj_hue,light_x,appearance,appearance,-0.031490,1,0
obj_hue,light_y,appearance,appearance,-0.000741,1,0
obj_hue,light_z,appearance,appearance,-0.005986,1,0
obj_hue,cam_daz,appearance,appearance,-0.014867,1,0
obj_hue,cam_del,appearance,appearance,-0.005825,1,0
obj_hue,cam_ddist,appearance,appearance,-0.010007,1,0
obj_hue,distractor_present,appearance,appearance,0.013132,1,0
obj_hue,distractor_size,appearance,appearance,-0.000398,1,0
obj_hue,distractor_hue,appearance,appearance,0.017428,1,0
obj_hue,distractor_hue_sin,appearance,appearance,-0.023265,1,0
obj_hue,distractor_hue_cos,appearance,appearance,0.033902,1,0
obj_hue,distractor_geom_type=box,appearance,appearance,0.000897,1,0
obj_hue,distractor_geom_type=sphere,appearance,appearance,0.017427,1,0
obj_hue,distractor_geom_type=cylinder,appearance,appearance,-0.018411,1,0
obj_hue_sin,obj_hue_cos,appearance,appearance,-0.015616,1,0
obj_hue_sin,obj_geom_type=box,appearance,appearance,-0.027320,1,0
obj_hue_sin,obj_geom_type=sphere,appearance,appearance,-0.014877,1,0
obj_hue_sin,obj_geom_type=cylinder,appearance,appearance,0.041731,1,0
obj_hue_sin,floor_gray,appearance,appearance,-0.030878,1,0
obj_hue_sin,light_x,appearance,appearance,0.035926,1,0
obj_hue_sin,light_y,appearance,appearance,0.010485,1,0
obj_hue_sin,light_z,appearance,appearance,0.016141,1,0
obj_hue_sin,cam_daz,appearance,appearance,0.025998,1,0
obj_hue_sin,cam_del,appearance,appearance,0.005395,1,0
obj_hue_sin,cam_ddist,appearance,appearance,-0.005905,1,0
obj_hue_sin,distractor_present,appearance,appearance,-0.012389,1,0
obj_hue_sin,distractor_size,appearance,appearance,-0.007656,1,0
obj_hue_sin,distractor_hue,appearance,appearance,-0.016356,1,0
obj_hue_sin,distractor_hue_sin,appearance,appearance,0.029628,1,0
obj_hue_sin,distractor_hue_cos,appearance,appearance,0.006219,1,0
obj_hue_sin,distractor_geom_type=box,appearance,appearance,-0.001473,1,0
obj_hue_sin,distractor_geom_type=sphere,appearance,appearance,-0.001583,1,0
obj_hue_sin,distractor_geom_type=cylinder,appearance,appearance,0.003087,1,0
obj_hue_cos,obj_geom_type=box,appearance,appearance,-0.036348,1,0
obj_hue_cos,obj_geom_type=sphere,appearance,appearance,0.047783,1,0
obj_hue_cos,obj_geom_type=cylinder,appearance,appearance,-0.011432,1,0
obj_hue_cos,floor_gray,appearance,appearance,0.014682,1,0
obj_hue_cos,light_x,appearance,appearance,-0.020882,1,0
obj_hue_cos,light_y,appearance,appearance,-0.027789,1,0
obj_hue_cos,light_z,appearance,appearance,-0.001813,1,0
obj_hue_cos,cam_daz,appearance,appearance,-0.006746,1,0
obj_hue_cos,cam_del,appearance,appearance,0.018993,1,0
obj_hue_cos,cam_ddist,appearance,appearance,-0.002328,1,0
obj_hue_cos,distractor_present,appearance,appearance,0.004538,1,0
obj_hue_cos,distractor_size,appearance,appearance,0.001949,1,0
obj_hue_cos,distractor_hue,appearance,appearance,0.001826,1,0
obj_hue_cos,distractor_hue_sin,appearance,appearance,-0.003974,1,0
obj_hue_cos,distractor_hue_cos,appearance,appearance,0.006834,1,0
obj_hue_cos,distractor_geom_type=box,appearance,appearance,0.016376,1,0
obj_hue_cos,distractor_geom_type=sphere,appearance,appearance,-0.022286,1,0
obj_hue_cos,distractor_geom_type=cylinder,appearance,appearance,0.005739,1,0
obj_geom_type=box,obj_geom_type=sphere,appearance,appearance,-0.489197,1,0
obj_geom_type=box,obj_geom_type=cylinder,appearance,appearance,-0.503271,1,0
obj_geom_type=box,floor_gray,appearance,appearance,0.020405,1,0
obj_geom_type=box,light_x,appearance,appearance,-0.003614,1,0
obj_geom_type=box,light_y,appearance,appearance,0.007800,1,0
obj_geom_type=box,light_z,appearance,appearance,-0.015644,1,0
obj_geom_type=box,cam_daz,appearance,appearance,-0.020279,1,0
obj_geom_type=box,cam_del,appearance,appearance,0.007508,1,0
obj_geom_type=box,cam_ddist,appearance,appearance,0.002643,1,0
obj_geom_type=box,distractor_present,appearance,appearance,0.006586,1,0
obj_geom_type=box,distractor_size,appearance,appearance,-0.009881,1,0
obj_geom_type=box,distractor_hue,appearance,appearance,-0.015376,1,0
obj_geom_type=box,distractor_hue_sin,appearance,appearance,0.021882,1,0
obj_geom_type=box,distractor_hue_cos,appearance,appearance,-0.022489,1,0
obj_geom_type=box,distractor_geom_type=box,appearance,appearance,-0.061378,1,0
obj_geom_type=box,distractor_geom_type=sphere,appearance,appearance,0.011984,1,0
obj_geom_type=box,distractor_geom_type=cylinder,appearance,appearance,0.050336,1,0
obj_geom_type=sphere,obj_geom_type=cylinder,appearance,appearance,-0.507471,1,0
obj_geom_type=sphere,floor_gray,appearance,appearance,0.008222,1,0
obj_geom_type=sphere,light_x,appearance,appearance,0.010763,1,0
obj_geom_type=sphere,light_y,appearance,appearance,-0.054526,1,0
obj_geom_type=sphere,light_z,appearance,appearance,-0.002331,1,0
obj_geom_type=sphere,cam_daz,appearance,appearance,0.005485,1,0
obj_geom_type=sphere,cam_del,appearance,appearance,-0.007181,1,0
obj_geom_type=sphere,cam_ddist,appearance,appearance,-0.000844,1,0
obj_geom_type=sphere,distractor_present,appearance,appearance,0.015807,1,0
obj_geom_type=sphere,distractor_size,appearance,appearance,0.014860,1,0
obj_geom_type=sphere,distractor_hue,appearance,appearance,0.017014,1,0
obj_geom_type=sphere,distractor_hue_sin,appearance,appearance,-0.021171,1,0
obj_geom_type=sphere,distractor_hue_cos,appearance,appearance,0.021405,1,0
obj_geom_type=sphere,distractor_geom_type=box,appearance,appearance,0.026987,1,0
obj_geom_type=sphere,distractor_geom_type=sphere,appearance,appearance,-0.002562,1,0
obj_geom_type=sphere,distractor_geom_type=cylinder,appearance,appearance,-0.024850,1,0
obj_geom_type=cylinder,floor_gray,appearance,appearance,-0.028306,1,0
obj_geom_type=cylinder,light_x,appearance,appearance,-0.007093,1,0
obj_geom_type=cylinder,light_y,appearance,appearance,0.046317,1,0
obj_geom_type=cylinder,light_z,appearance,appearance,0.017765,1,0
obj_geom_type=cylinder,cam_daz,appearance,appearance,0.014600,1,0
obj_geom_type=cylinder,cam_del,appearance,appearance,-0.000302,1,0
obj_geom_type=cylinder,cam_ddist,appearance,appearance,-0.001774,1,0
obj_geom_type=cylinder,distractor_present,appearance,appearance,-0.022168,1,0
obj_geom_type=cylinder,distractor_size,appearance,appearance,-0.004961,1,0
obj_geom_type=cylinder,distractor_hue,appearance,appearance,-0.001667,1,0
obj_geom_type=cylinder,distractor_hue_sin,appearance,appearance,-0.000643,1,0
obj_geom_type=cylinder,distractor_hue_cos,appearance,appearance,0.001011,1,0
obj_geom_type=cylinder,distractor_geom_type=box,appearance,appearance,0.033901,1,0
obj_geom_type=cylinder,distractor_geom_type=sphere,appearance,appearance,-0.009301,1,0
obj_geom_type=cylinder,distractor_geom_type=cylinder,appearance,appearance,-0.025108,1,0
floor_gray,light_x,appearance,appearance,0.003971,1,0
floor_gray,light_y,appearance,appearance,-0.050471,1,0
floor_gray,light_z,appearance,appearance,0.022467,1,0
floor_gray,cam_daz,appearance,appearance,-0.020498,1,0
floor_gray,cam_del,appearance,appearance,0.017323,1,0
floor_gray,cam_ddist,appearance,appearance,0.012501,1,0
floor_gray,distractor_present,appearance,appearance,-0.032612,1,0
floor_gray,distractor_size,appearance,appearance,-0.018967,1,0
floor_gray,distractor_hue,appearance,appearance,0.018679,1,0
floor_gray,distractor_hue_sin,appearance,appearance,-0.027809,1,0
floor_gray,distractor_hue_cos,appearance,appearance,0.001473,1,0
floor_gray,distractor_geom_type=box,appearance,appearance,-0.016590,1,0
floor_gray,distractor_geom_type=sphere,appearance,appearance,0.005882,1,0
floor_gray,distractor_geom_type=cylinder,appearance,appearance,0.010952,1,0
light_x,light_y,appearance,appearance,-0.033249,1,0
light_x,light_z,appearance,appearance,0.030389,1,0
light_x,cam_daz,appearance,appearance,-0.002682,1,0
light_x,cam_del,appearance,appearance,-0.019647,1,0
light_x,cam_ddist,appearance,appearance,0.031814,1,0
light_x,distractor_present,appearance,appearance,-0.029171,1,0
light_x,distractor_size,appearance,appearance,-0.016359,1,0
light_x,distractor_hue,appearance,appearance,-0.001982,1,0
light_x,distractor_hue_sin,appearance,appearance,0.006380,1,0
light_x,distractor_hue_cos,appearance,appearance,0.046990,1,0
light_x,distractor_geom_type=box,appearance,appearance,-0.003589,1,0
light_x,distractor_geom_type=sphere,appearance,appearance,0.015641,1,0
light_x,distractor_geom_type=cylinder,appearance,appearance,-0.012061,1,0
light_y,light_z,appearance,appearance,0.011595,1,0
light_y,cam_daz,appearance,appearance,-0.018574,1,0
light_y,cam_del,appearance,appearance,-0.004614,1,0
light_y,cam_ddist,appearance,appearance,-0.018231,1,0
light_y,distractor_present,appearance,appearance,-0.051333,1,0
light_y,distractor_size,appearance,appearance,0.005729,1,0
light_y,distractor_hue,appearance,appearance,-0.007699,1,0
light_y,distractor_hue_sin,appearance,appearance,0.001949,1,0
light_y,distractor_hue_cos,appearance,appearance,0.038894,1,0
light_y,distractor_geom_type=box,appearance,appearance,0.001885,1,0
light_y,distractor_geom_type=sphere,appearance,appearance,0.011765,1,0
light_y,distractor_geom_type=cylinder,appearance,appearance,-0.013730,1,0
light_z,cam_daz,appearance,appearance,0.019501,1,0
light_z,cam_del,appearance,appearance,-0.003784,1,0
light_z,cam_ddist,appearance,appearance,0.008980,1,0
light_z,distractor_present,appearance,appearance,-0.010123,1,0
light_z,distractor_size,appearance,appearance,0.031477,1,0
light_z,distractor_hue,appearance,appearance,-0.011242,1,0
light_z,distractor_hue_sin,appearance,appearance,0.010221,1,0
light_z,distractor_hue_cos,appearance,appearance,0.016250,1,0
light_z,distractor_geom_type=box,appearance,appearance,-0.023412,1,0
light_z,distractor_geom_type=sphere,appearance,appearance,0.015773,1,0
light_z,distractor_geom_type=cylinder,appearance,appearance,0.007950,1,0
cam_daz,cam_del,appearance,appearance,-0.012489,1,0
cam_daz,cam_ddist,appearance,appearance,-0.030406,1,0
cam_daz,distractor_present,appearance,appearance,0.006134,1,0
cam_daz,distractor_size,appearance,appearance,-0.028655,1,0
cam_daz,distractor_hue,appearance,appearance,-0.022429,1,0
cam_daz,distractor_hue_sin,appearance,appearance,0.021693,1,0
cam_daz,distractor_hue_cos,appearance,appearance,-0.002202,1,0
cam_daz,distractor_geom_type=box,appearance,appearance,0.001095,1,0
cam_daz,distractor_geom_type=sphere,appearance,appearance,0.016523,1,0
cam_daz,distractor_geom_type=cylinder,appearance,appearance,-0.017705,1,0
cam_del,cam_ddist,appearance,appearance,0.001206,1,0
cam_del,distractor_present,appearance,appearance,0.020277,1,0
cam_del,distractor_size,appearance,appearance,-0.001056,1,0
cam_del,distractor_hue,appearance,appearance,0.007479,1,0
cam_del,distractor_hue_sin,appearance,appearance,-0.008809,1,0
cam_del,distractor_hue_cos,appearance,appearance,-0.014993,1,0
cam_del,distractor_geom_type=box,appearance,appearance,0.013318,1,0
cam_del,distractor_geom_type=sphere,appearance,appearance,0.006705,1,0
cam_del,distractor_geom_type=cylinder,appearance,appearance,-0.020266,1,0
cam_ddist,distractor_present,appearance,appearance,0.009548,1,0
cam_ddist,distractor_size,appearance,appearance,0.001685,1,0
cam_ddist,distractor_hue,appearance,appearance,0.023800,1,0
cam_ddist,distractor_hue_sin,appearance,appearance,-0.016282,1,0
cam_ddist,distractor_hue_cos,appearance,appearance,-0.028886,1,0
cam_ddist,distractor_geom_type=box,appearance,appearance,-0.019312,1,0
cam_ddist,distractor_geom_type=sphere,appearance,appearance,-0.003666,1,0
cam_ddist,distractor_geom_type=cylinder,appearance,appearance,0.023305,1,0
distractor_present,distractor_size,appearance,appearance,0.003997,1,0
distractor_present,distractor_hue,appearance,appearance,-0.015590,1,0
distractor_present,distractor_hue_sin,appearance,appearance,-0.019292,1,0
distractor_present,distractor_hue_cos,appearance,appearance,0.014178,1,0
distractor_present,distractor_geom_type=box,appearance,appearance,0.008030,1,0
distractor_present,distractor_geom_type=sphere,appearance,appearance,0.015810,1,0
distractor_present,distractor_geom_type=cylinder,appearance,appearance,-0.024037,1,0
distractor_size,distractor_hue,appearance,appearance,-0.019150,1,0
distractor_size,distractor_hue_sin,appearance,appearance,0.016786,1,0
distractor_size,distractor_hue_cos,appearance,appearance,-0.019840,1,0
distractor_size,distractor_geom_type=box,appearance,appearance,0.003283,1,0
distractor_size,distractor_geom_type=sphere,appearance,appearance,0.014142,1,0
distractor_size,distractor_geom_type=cylinder,appearance,appearance,-0.017538,1,0
distractor_hue,distractor_hue_sin,appearance,appearance,-0.746324,1,0
distractor_hue,distractor_hue_cos,appearance,appearance,-0.012852,1,0
distractor_hue,distractor_geom_type=box,appearance,appearance,0.010560,1,0
distractor_hue,distractor_geom_type=sphere,appearance,appearance,0.005046,1,0
distractor_hue,distractor_geom_type=cylinder,appearance,appearance,-0.015798,1,0
distractor_hue_sin,distractor_hue_cos,appearance,appearance,0.009612,1,0
distractor_hue_sin,distractor_geom_type=box,appearance,appearance,-0.023579,1,0
distractor_hue_sin,distractor_geom_type=sphere,appearance,appearance,0.023359,1,0
distractor_hue_sin,distractor_geom_type=cylinder,appearance,appearance,0.000503,1,0
distractor_hue_cos,distractor_geom_type=box,appearance,appearance,0.030192,1,0
distractor_hue_cos,distractor_geom_type=sphere,appearance,appearance,-0.029143,1,0
distractor_hue_cos,distractor_geom_type=cylinder,appearance,appearance,-0.001415,1,0
distractor_geom_type=box,distractor_geom_type=sphere,appearance,appearance,-0.510084,1,0
distractor_geom_type=box,distractor_geom_type=cylinder,appearance,appearance,-0.503940,1,0
distractor_geom_type=sphere,distractor_geom_type=cylinder,appearance,appearance,-0.485872,1,0