exp,seed,encoder,train_condition,layer,view,task,eval_condition,target,n_rows,n_scenes,metric,value,ci_low,ci_high,trivial,majority_rate
C,0,random_b,base,11,cls,real,base,contact_state,6000,600,balanced_accuracy,0.7448611111111111,0.7347899305555555,0.7552812499999999,0.5,0.6
C,0,random_b,base,11,cls,real,base,contact_state,6000,600,auroc,0.8423862268518518,0.8349566261574074,0.8495635040509258,0.5,0.6
C,0,random_b,base,11,cls,real,base,ee_obj_dist,6000,600,r2,0.6158419354315245,0.6016090242855622,0.6293245089295268,0.0,
C,0,random_b,base,11,cls,real,base,friction_slide,6000,600,r2,-0.018756075126717286,-0.04070314630044265,-0.002892186187156717,0.0,
C,0,random_b,base,11,cls,real,base,log_mass,6000,600,r2,0.002283501728894244,-0.009105917520790563,0.009202890968740947,0.0,
C,0,random_b,base,11,cls,real,base,obj_pos_x,6000,600,r2,0.4685915304645216,0.4431334958295698,0.49244455111034874,0.0,
C,0,random_b,base,11,cls,real,base,obj_pos_y,6000,600,r2,0.4675600840398846,0.4397972079607136,0.4933900951223358,0.0,
C,0,random_b,base,11,cls,real,base,obj_speed,6000,600,r2,0.07948185785120154,0.061909197091034776,0.09479674147537846,0.0,
C,0,random_b,base,11,cls,real,base,support_state,6000,600,balanced_accuracy,0.5981772931353246,0.5820164867714313,0.6154962476134939,0.5,0.8443333333333334
C,0,random_b,base,11,cls,real,base,support_state,6000,600,auroc,0.7563362755101609,0.7372592462218751,0.7756596285636869,0.5,0.8443333333333334
C,0,random_b,base,11,mean,real,base,contact_state,6000,600,balanced_accuracy,0.7540972222222222,0.7439583333333333,0.7635416666666667,0.5,0.6
C,0,random_b,base,11,mean,real,base,contact_state,6000,600,auroc,0.8494991898148149,0.842432410300926,0.856355708912037,0.5,0.6
C,0,random_b,base,11,mean,real,base,ee_obj_dist,6000,600,r2,0.6382658445044598,0.6245222886351617,0.6517969271823852,0.0,
C,0,random_b,base,11,mean,real,base,friction_slide,6000,600,r2,-0.02079371065466895,-0.04303751838709163,-0.004671198157642268,0.0,
C,0,random_b,base,11,mean,real,base,log_mass,6000,600,r2,0.002218774232286669,-0.009318657924036983,0.00892802394683263,0.0,
C,0,random_b,base,11,mean,real,base,obj_pos_x,6000,600,r2,0.4905996323339228,0.46534905848679486,0.5143461315839106,0.0,
C,0,random_b,base,11,mean,real,base,obj_pos_y,6000,600,r2,0.5070864155428789,0.4826943607134743,0.5291712038199722,0.0,
C,0,random_b,base,11,mean,real,base,obj_speed,6000,600,r2,0.08718842952574801,0.070024029685549,0.10217825968174556,0.0,
C,0,random_b,base,11,mean,real,base,support_state,6000,600,balanced_accuracy,0.6121377686064294,0.5959894778859048,0.6286765821052726,0.5,0.8443333333333334
C,0,random_b,base,11,mean,real,base,support_state,6000,600,auroc,0.7624273931005798,0.7435318207519436,0.7828061367157193,0.5,0.8443333333333334
C,0,random_b,base,2,cls,real,base,contact_state,6000,600,balanced_accuracy,0.7463194444444445,0.7367343749999999,0.7558368055555555,0.5,0.6
C,0,random_b,base,2,cls,real,base,contact_state,6000,600,auroc,0.8402526620370371,0.8327883767361111,0.8474294010416666,0.5,0.6
C,0,random_b,base,2,cls,real,base,ee_obj_dist,6000,600,r2,0.6055960687205963,0.5883256750025111,0.6217700311581612,0.0,
C,0,random_b,base,2,cls,real,base,friction_slide,6000,600,r2,-0.01460429685538367,-0.035326086199968174,-0.0011987178433938545,0.0,
C,0,random_b,base,2,cls,real,base,log_mass,6000,600,r2,0.00230302339951427,-0.008491303162379315,0.008331039831241317,0.0,
C,0,random_b,base,2,cls,real,base,obj_pos_x,6000,600,r2,0.43909138816092497,0.3974076247104589,0.47222123406637906,0.0,
C,0,random_b,base,2,cls,real,base,obj_pos_y,6000,600,r2,0.4567086396743185,0.4303848644027311,0.47879992121452,0.0,
C,0,random_b,base,2,cls,real,base,obj_speed,6000,600,r2,0.0782086358176669,0.05925999070112116,0.095499089879426,0.0,
C,0,random_b,base,2,cls,real,base,support_state,6000,600,balanced_accuracy,0.5929795225507245,0.5787802357955073,0.6080154364429323,0.5,0.8443333333333334
C,0,random_b,base,2,cls,real,base,support_state,6000,600,auroc,0.7490884774932349,0.7308824496209758,0.7679926491735971,0.5,0.8443333333333334
C,0,random_b,base,2,mean,real,base,contact_state,6000,600,balanced_accuracy,0.7513888888888889,0.7406944444444444,0.7613211805555555,0.5,0.6
C,0,random_b,base,2,mean,real,base,contact_state,6000,600,auroc,0.8502662037037036,0.843259976851852,0.8570305410879631,0.5,0.6
C,0,random_b,base,2,mean,real,base,ee_obj_dist,6000,600,r2,0.6324107208155827,0.619802536941977,0.6452738113988506,0.0,
C,0,random_b,base,2,mean,real,base,friction_slide,6000,600,r2,-0.021041996682870323,-0.0432170685405726,-0.006002945671415882,0.0,
C,0,random_b,base,2,mean,real,base,log_mass,6000,600,r2,0.002357702613430379,-0.00925370050679294,0.008958629964727679,0.0,
C,0,random_b,base,2,mean,real,base,obj_pos_x,6000,600,r2,0.5018508375500527,0.4767568226783415,0.5248359937599272,0.0,
C,0,random_b,base,2,mean,real,base,obj_pos_y,6000,600,r2,0.5017071569932419,0.47903071581734863,0.5239508302470864,0.0,
C,0,random_b,base,2,mean,real,base,obj_speed,6000,600,r2,0.08684135153019634,0.06916524863569634,0.10226503550392134,0.0,
C,0,random_b,base,2,mean,real,base,support_state,6000,600,balanced_accuracy,0.5986407684094577,0.5833719311424985,0.6136241757880235,0.5,0.8443333333333334
C,0,random_b,base,2,mean,real,base,support_state,6000,600,auroc,0.7555023158969695,0.7368427770353554,0.7750138598608689,0.5,0.8443333333333334
C,0,random_b,base,5,cls,real,base,contact_state,6000,600,balanced_accuracy,0.7481944444444444,0.7379861111111111,0.7581961805555555,0.5,0.6
C,0,random_b,base,5,cls,real,base,contact_state,6000,600,auroc,0.8396131944444445,0.8317165856481481,0.8472247019675926,0.5,0.6
C,0,random_b,base,5,cls,real,base,ee_obj_dist,6000,600,r2,0.6140594408737444,0.5996485295745371,0.627710762818213,0.0,
C,0,random_b,base,5,cls,real,base,friction_slide,6000,600,r2,-0.014535349577997625,-0.03485187905807442,-0.001268716268605317,0.0,
C,0,random_b,base,5,cls,real,base,log_mass,6000,600,r2,0.0027138177633555527,-0.008556908483736992,0.009183877983206188,0.0,
C,0,random_b,base,5,cls,real,base,obj_pos_x,6000,600,r2,0.4510552607108971,0.42184526638955255,0.4762590218253401,0.0,
C,0,random_b,base,5,cls,real,base,obj_pos_y,6000,600,r2,0.46986093330022816,0.4453628558388534,0.49255017369405213,0.0,
C,0,random_b,base,5,cls,real,base,obj_speed,6000,600,r2,0.07884215548871099,0.060612302328149924,0.0950672234312034,0.0,
C,0,random_b,base,5,cls,real,base,support_state,6000,600,balanced_accuracy,0.6044038816107045,0.5892656184908405,0.6200626470877977,0.5,0.8443333333333334
C,0,random_b,base,5,cls,real,base,support_state,6000,600,auroc,0.753269265396974,0.7341422628901573,0.7733263317738236,0.5,0.8443333333333334
C,0,random_b,base,5,mean,real,base,contact_state,6000,600,balanced_accuracy,0.7517361111111112,0.7415277777777778,0.7613211805555555,0.5,0.6
C,0,random_b,base,5,mean,real,base,contact_state,6000,600,auroc,0.8490155092592593,0.8416096325231481,0.8564972366898148,0.5,0.6
C,0,random_b,base,5,mean,real,base,ee_obj_dist,6000,600,r2,0.6346322888048723,0.6228646168944741,0.6470937261670981,0.0,
C,0,random_b,base,5,mean,real,base,friction_slide,6000,600,r2,-0.019579958224100746,-0.041133686304156904,-0.0042522902824013225,0.0,
C,0,random_b,base,5,mean,real,base,log_mass,6000,600,r2,0.002372970637105176,-0.009104347012663511,0.008929461611434862,0.0,
C,0,random_b,base,5,mean,real,base,obj_pos_x,6000,600,r2,0.5003744624301121,0.4767576203091673,0.5217696131477876,0.0,
C,0,random_b,base,5,mean,real,base,obj_pos_y,6000,600,r2,0.5045342795650893,0.481642001385418,0.5266530614229338,0.0,
C,0,random_b,base,5,mean,real,base,obj_speed,6000,600,r2,0.08741320189883839,0.07005222093168634,0.10290454273083033,0.0,
C,0,random_b,base,5,mean,real,base,support_state,6000,600,balanced_accuracy,0.6134595079426939,0.5981585224840432,0.6286837630832238,0.5,0.8443333333333334
C,0,random_b,base,5,mean,real,base,support_state,6000,600,auroc,0.755158672123262,0.7364281142123124,0.7744501691689091,0.5,0.8443333333333334
C,0,random_b,base,8,cls,real,base,contact_state,6000,600,balanced_accuracy,0.743125,0.7331909722222223,0.7528489583333333,0.5,0.6
C,0,random_b,base,8,cls,real,base,contact_state,6000,600,auroc,0.8400717592592593,0.8329213888888889,0.8471525839120371,0.5,0.6
C,0,random_b,base,8,cls,real,base,ee_obj_dist,6000,600,r2,0.6159191522764558,0.602210819144061,0.6293274103715703,0.0,
C,0,random_b,base,8,cls,real,base,friction_slide,6000,600,r2,-0.014878364392324261,-0.03567302348441448,-0.0011014509395401073,0.0,
C,0,random_b,base,8,cls,real,base,log_mass,6000,600,r2,0.002726480332006731,-0.008801677089956222,0.009532779877769466,0.0,
C,0,random_b,base,8,cls,real,base,obj_pos_x,6000,600,r2,0.47001187594585725,0.44472848465923753,0.4937990712723362,0.0,
C,0,random_b,base,8,cls,real,base,obj_pos_y,6000,600,r2,0.47186380813931117,0.4468116108199871,0.49493368588315295,0.0,
C,0,random_b,base,8,cls,real,base,obj_speed,6000,600,r2,0.07725672230431868,0.05829034088000006,0.09430978763030368,0.0,
C,0,random_b,base,8,cls,real,base,support_state,6000,600,balanced_accuracy,0.5978661961888934,0.5826104845472915,0.6139069758673318,0.5,0.8443333333333334
C,0,random_b,base,8,cls,real,base,support_state,6000,600,auroc,0.7564709010229849,0.7374455101068297,0.7758760704541061,0.5,0.8443333333333334
C,0,random_b,base,8,mean,real,base,contact_state,6000,600,balanced_accuracy,0.7508333333333334,0.7400677083333334,0.7604861111111112,0.5,0.6
C,0,random_b,base,8,mean,real,base,contact_state,6000,600,auroc,0.8504327546296296,0.8439855324074074,0.8570735098379629,0.5,0.6
C,0,random_b,base,8,mean,real,base,ee_obj_dist,6000,600,r2,0.6366348895528912,0.6236434247676277,0.6492711363876557,0.0,
C,0,random_b,base,8,mean,real,base,friction_slide,6000,600,r2,-0.021668251192928256,-0.04374412351806975,-0.005877929920310678,0.0,
C,0,random_b,base,8,mean,real,base,log_mass,6000,600,r2,0.0023009417391113285,-0.009470335825961417,0.009006872084160601,0.0,
C,0,random_b,base,8,mean,real,base,obj_pos_x,6000,600,r2,0.484788867079312,0.45734763376857396,0.508835121109571,0.0,
C,0,random_b,base,8,mean,real,base,obj_pos_y,6000,600,r2,0.506149920309285,0.48344995429275806,0.5275668402791394,0.0,
C,0,random_b,base,8,mean,real,base,obj_speed,6000,600,r2,0.08816750472128765,0.0708699350434361,0.10355734725866234,0.0,
C,0,random_b,base,8,mean,real,base,support_state,6000,600,balanced_accuracy,0.6159119325122515,0.5990807641628216,0.632830818126055,0.5,0.8443333333333334
C,0,random_b,base,8,mean,real,base,support_state,6000,600,auroc,0.7602224512241411,0.7399837377976193,0.7801787642155374,0.5,0.8443333333333334
C,0,raw_pixel,base,0,mean,real,base,contact_state,6000,600,balanced_accuracy,0.8175694444444445,0.810625,0.8250694444444444,0.5,0.6
C,0,raw_pixel,base,0,mean,real,base,contact_state,6000,600,auroc,0.9097513888888888,0.9049035532407407,0.9149368865740741,0.5,0.6
C,0,raw_pixel,base,0,mean,real,base,ee_obj_dist,6000,600,r2,0.7849764832432222,0.7714049839744848,0.7977911924446006,0.0,
C,0,raw_pixel,base,0,mean,real,base,friction_slide,6000,600,r2,-0.016712133463116174,-0.036338194005025484,-0.00550540525621359,0.0,
C,0,raw_pixel,base,0,mean,real,base,log_mass,6000,600,r2,-0.004033817611236001,-0.016221927178476377,0.0029917261148780586,0.0,
C,0,raw_pixel,base,0,mean,real,base,obj_pos_x,6000,600,r2,0.7577321072332547,0.73852857741834,0.7768192743630425,0.0,
C,0,raw_pixel,base,0,mean,real,base,obj_pos_y,6000,600,r2,0.690550069470199,0.668490142253481,0.7106638684309375,0.0,
C,0,raw_pixel,base,0,mean,real,base,obj_speed,6000,600,r2,0.1984120842073035,0.17348716260120436,0.22166567293618128,0.0,
C,0,raw_pixel,base,0,mean,real,base,support_state,6000,600,balanced_accuracy,0.7011734187948205,0.6842607473106488,0.7182421992652566,0.5,0.8443333333333334
C,0,raw_pixel,base,0,mean,real,base,support_state,6000,600,auroc,0.8299288788421106,0.8144401815603103,0.8453318861347785,0.5,0.8443333333333334
C,1,random_b,base,11,cls,real,base,contact_state,6000,600,balanced_accuracy,0.7583333333333333,0.7490954861111112,0.7677100694444444,0.5,0.6
C,1,random_b,base,11,cls,real,base,contact_state,6000,600,auroc,0.8488237268518518,0.8415808593749999,0.8556004803240741,0.5,0.6
C,1,random_b,base,11,cls,real,base,ee_obj_dist,6000,600,r2,0.6061465734928123,0.5928303919058809,0.6195012219514033,0.0,
C,1,random_b,base,11,cls,real,base,friction_slide,6000,600,r2,0.002306148761989757,-0.008782617717914687,0.007843874140352907,0.0,
C,1,random_b,base,11,cls,real,base,log_mass,6000,600,r2,-0.003053850581058004,-0.016242942567745423,0.004351665014319254,0.0,
C,1,random_b,base,11,cls,real,base,obj_pos_x,6000,600,r2,0.4683120639382685,0.4378694496065317,0.49447492031231743,0.0,
C,1,random_b,base,11,cls,real,base,obj_pos_y,6000,600,r2,0.4773704961972366,0.451447417363359,0.5018766919072242,0.0,
C,1,random_b,base,11,cls,real,base,obj_speed,6000,600,r2,0.0874204412359818,0.07302698107477365,0.10168725784859342,0.0,
C,1,random_b,base,11,cls,real,base,support_state,6000,600,balanced_accuracy,0.585866690006613,0.5722120964484376,0.5999850378046675,0.5,0.836
C,1,random_b,base,11,cls,real,base,support_state,6000,600,auroc,0.7569537642146756,0.7355571508652904,0.7765023846618888,0.5,0.836
C,1,random_b,base,11,mean,real,base,contact_state,6000,600,balanced_accuracy,0.7607638888888889,0.7506232638888889,0.7705572916666666,0.5,0.6
C,1,random_b,base,11,mean,real,base,contact_state,6000,600,auroc,0.850525,0.8435202893518519,0.8577024016203704,0.5,0.6
C,1,random_b,base,11,mean,real,base,ee_obj_dist,6000,600,r2,0.6214212998637691,0.607859620135853,0.6356085147423064,0.0,
C,1,random_b,base,11,mean,real,base,friction_slide,6000,600,r2,0.005078377173330595,-0.005619283111191603,0.0103849285146557,0.0,
C,1,random_b,base,11,mean,real,base,log_mass,6000,600,r2,-0.003668195141770303,-0.016832577123169407,0.003454537446091864,0.0,
C,1,random_b,base,11,mean,real,base,obj_pos_x,6000,600,r2,0.47902314246503797,0.4544664338702426,0.5018748714239041,0.0,
C,1,random_b,base,11,mean,real,base,obj_pos_y,6000,600,r2,0.5013262342494699,0.4742347533934639,0.5256133957131747,0.0,
C,1,random_b,base,11,mean,real,base,obj_speed,6000,600,r2,0.08695719215586561,0.07056753266204509,0.1021363157914164,0.0,
C,1,random_b,base,11,mean,real,base,support_state,6000,600,balanced_accuracy,0.6007313183179679,0.5858266929411459,0.6162105748558042,0.5,0.836
C,1,random_b,base,11,mean,real,base,support_state,6000,600,auroc,0.7585729729904954,0.7383879105533662,0.777185158262829,0.5,0.836
C,1,random_b,base,2,cls,real,base,contact_state,6000,600,balanced_accuracy,0.7491666666666666,0.7392361111111112,0.7589583333333334,0.5,0.6
C,1,random_b,base,2,cls,real,base,contact_state,6000,600,auroc,0.8386223379629629,0.8311256799768518,0.846188929398148,0.5,0.6
C,1,random_b,base,2,cls,real,base,ee_obj_dist,6000,600,r2,0.601186035922169,0.5860004881781262,0.6162461608300291,0.0,
C,1,random_b,base,2,cls,real,base,friction_slide,6000,600,r2,0.003062361120212742,-0.007606559488636394,0.008180162568568667,0.0,
C,1,random_b,base,2,cls,real,base,log_mass,6000,600,r2,-0.0031718570846679395,-0.016244295922560603,0.003797587555422321,0.0,
C,1,random_b,base,2,cls,real,base,obj_pos_x,6000,600,r2,0.45929229265304683,0.4352424016503612,0.48402664967537096,0.0,
C,1,random_b,base,2,cls,real,base,obj_pos_y,6000,600,r2,0.44766418333202507,0.41828505027545904,0.47393047758349666,0.0,
C,1,random_b,base,2,cls,real,base,obj_speed,6000,600,r2,0.08052871454422095,0.06327417810711647,0.09649196781283456,0.0,
C,1,random_b,base,2,cls,real,base,support_state,6000,600,balanced_accuracy,0.5787625938460341,0.5658017105715925,0.5928957104454216,0.5,0.836
C,1,random_b,base,2,cls,real,base,support_state,6000,600,auroc,0.7497339813410095,0.7297744662662228,0.7694818862649543,0.5,0.836
C,1,random_b,base,2,mean,real,base,contact_state,6000,600,balanced_accuracy,0.7552083333333334,0.7453454861111111,0.7647916666666666,0.5,0.6
C,1,random_b,base,2,mean,real,base,contact_state,6000,600,auroc,0.8459475694444445,0.838801796875,0.8530330873842593,0.5,0.6
C,1,random_b,base,2,mean,real,base,ee_obj_dist,6000,600,r2,0.6215077346596223,0.6086186970306616,0.6346211372731058,0.0,
C,1,random_b,base,2,mean,real,base,friction_slide,6000,600,r2,0.004620726659911756,-0.006009492733145838,0.009834275449169002,0.0,
C,1,random_b,base,2,mean,real,base,log_mass,6000,600,r2,-0.0028764427301564144,-0.016495095013270556,0.004443368628134076,0.0,
C,1,random_b,base,2,mean,real,base,obj_pos_x,6000,600,r2,0.4901906639626341,0.46573274148531574,0.5129010383594677,0.0,
C,1,random_b,base,2,mean,real,base,obj_pos_y,6000,600,r2,0.4942702625953803,0.4707210810557759,0.5169049135535484,0.0,
C,1,random_b,base,2,mean,real,base,obj_speed,6000,600,r2,0.08489898601797818,0.06942068001425997,0.09896011042134978,0.0,
C,1,random_b,base,2,mean,real,base,support_state,6000,600,balanced_accuracy,0.5970431205508226,0.5827606764409922,0.612275135239898,0.5,0.836
C,1,random_b,base,2,mean,real,base,support_state,6000,600,auroc,0.7469001633796243,0.7269863605545457,0.765811576339499,0.5,0.836
C,1,random_b,base,5,cls,real,base,contact_state,6000,600,balanced_accuracy,0.7463194444444444,0.7363194444444445,0.7560416666666667,0.5,0.6
C,1,random_b,base,5,cls,real,base,contact_state,6000,600,auroc,0.8423868055555556,0.8346123726851852,0.8493023929398148,0.5,0.6
C,1,random_b,base,5,cls,real,base,ee_obj_dist,6000,600,r2,0.6100808509832056,0.5966527793246387,0.6237322892859387,0.0,
C,1,random_b,base,5,cls,real,base,friction_slide,6000,600,r2,0.0024769317727301177,-0.008139555663061487,0.007608310560611699,0.0,
C,1,random_b,base,5,cls,real,base,log_mass,6000,600,r2,-0.0027736180644530872,-0.015724962416961308,0.004624151249958112,0.0,
C,1,random_b,base,5,cls,real,base,obj_pos_x,6000,600,r2,0.4686529737229185,0.4402333066469232,0.49416392287260497,0.0,
C,1,random_b,base,5,cls,real,base,obj_pos_y,6000,600,r2,0.45953850688453535,0.4303537242346044,0.48761591919600455,0.0,
C,1,random_b,base,5,cls,real,base,obj_speed,6000,600,r2,0.08722101169122876,0.0703838709641967,0.1027930184395504,0.0,
C,1,random_b,base,5,cls,real,base,support_state,6000,600,balanced_accuracy,0.5932163418524137,0.5779679870907661,0.6087449602816895,0.5,0.836
C,1,random_b,base,5,cls,real,base,support_state,6000,600,auroc,0.7425508697371662,0.7214739254169066,0.7630801510586945,0.5,0.836
C,1,random_b,base,5,mean,real,base,contact_state,6000,600,balanced_accuracy,0.7592361111111111,0.7492361111111112,0.769376736111111,0.5,0.6
C,1,random_b,base,5,mean,real,base,contact_state,6000,600,auroc,0.8501167824074074,0.842581027199074,0.8574698379629629,0.5,0.6
C,1,random_b,base,5,mean,real,base,ee_obj_dist,6000,600,r2,0.6232636244392689,0.609397030644677,0.6370335522296701,0.0,
C,1,random_b,base,5,mean,real,base,friction_slide,6000,600,r2,0.005097744203952592,-0.005513221912143218,0.010290591395202704,0.0,
C,1,random_b,base,5,mean,real,base,log_mass,6000,600,r2,-0.0034777730445956223,-0.01670339218728615,0.0036695414665031084,0.0,
C,1,random_b,base,5,mean,real,base,obj_pos_x,6000,600,r2,0.4929705582916848,0.46730783014910887,0.5162767400683056,0.0,
C,1,random_b,base,5,mean,real,base,obj_pos_y,6000,600,r2,0.497298269645423,0.4723975674933849,0.5213337630723299,0.0,
C,1,random_b,base,5,mean,real,base,obj_speed,6000,600,r2,0.08726182938823102,0.07065551743598907,0.10236785882223536,0.0,
C,1,random_b,base,5,mean,real,base,support_state,6000,600,balanced_accuracy,0.5943541642354222,0.5810808575451871,0.6085030718126763,0.5,0.836
C,1,random_b,base,5,mean,real,base,support_state,6000,600,auroc,0.7536280244680438,0.7330828615695637,0.7720623570190136,0.5,0.836
C,1,random_b,base,8,cls,real,base,contact_state,6000,600,balanced_accuracy,0.7582638888888888,0.7484027777777778,0.7677100694444444,0.5,0.6
C,1,random_b,base,8,cls,real,base,contact_state,6000,600,auroc,0.8469650462962963,0.8395289728009259,0.8539792795138889,0.5,0.6
C,1,random_b,base,8,cls,real,base,ee_obj_dist,6000,600,r2,0.6150591625378925,0.6019705760809466,0.6287850652891163,0.0,
C,1,random_b,base,8,cls,real,base,friction_slide,6000,600,r2,0.002504175078705928,-0.008560630067433928,0.008001481596245988,0.0,
C,1,random_b,base,8,cls,real,base,log_mass,6000,600,r2,-0.002741655262527898,-0.01584948929604505,0.004602402837071405,0.0,
C,1,random_b,base,8,cls,real,base,obj_pos_x,6000,600,r2,0.47032964700233715,0.441763123044261,0.49609659611991686,0.0,
C,1,random_b,base,8,cls,real,base,obj_pos_y,6000,600,r2,0.48633120306280986,0.4614496448520065,0.5105892573419221,0.0,
C,1,random_b,base,8,cls,real,base,obj_speed,6000,600,r2,0.08562003711791843,0.07032929917977987,0.09998139848951965,0.0,
C,1,random_b,base,8,cls,real,base,support_state,6000,600,balanced_accuracy,0.5926717431049908,0.5779548537485549,0.6072050485292232,0.5,0.836
C,1,random_b,base,8,cls,real,base,support_state,6000,600,auroc,0.7535907453871189,0.7335007396184169,0.7730610355885275,0.5,0.836
C,1,random_b,base,8,mean,real,base,contact_state,6000,600,balanced_accuracy,0.768125,0.7583298611111111,0.7778472222222221,0.5,0.6
C,1,random_b,base,8,mean,real,base,contact_state,6000,600,auroc,0.8571126157407407,0.8502041087962963,0.8642932841435185,0.5,0.6
C,1,random_b,base,8,mean,real,base,ee_obj_dist,6000,600,r2,0.6252005470183712,0.6112781432661978,0.639001671775421,0.0,
C,1,random_b,base,8,mean,real,base,friction_slide,6000,600,r2,0.004581174237152985,-0.00600388369134206,0.009983529393054422,0.0,
C,1,random_b,base,8,mean,real,base,log_mass,6000,600,r2,-0.003672295078941623,-0.016890445367430694,0.003580935560501024,0.0,
C,1,random_b,base,8,mean,real,base,obj_pos_x,6000,600,r2,0.4932925707952882,0.46944210921058765,0.5147261230431381,0.0,
C,1,random_b,base,8,mean,real,base,obj_pos_y,6000,600,r2,0.4973453913638246,0.471536675265231,0.5212634571059308,0.0,
C,1,random_b,base,8,mean,real,base,obj_speed,6000,600,r2,0.0881824130796065,0.07199900770388294,0.10312268656856376,0.0,
C,1,random_b,base,8,mean,real,base,support_state,6000,600,balanced_accuracy,0.5946726572528883,0.5798419795507334,0.6092031398548681,0.5,0.836
C,1,random_b,base,8,mean,real,base,support_state,6000,600,auroc,0.7586203822564541,0.7385002339321259,0.7779824863787324,0.5,0.836
C,1,raw_pixel,base,0,mean,real,base,contact_state,6000,600,balanced_accuracy,0.8113194444444445,0.8038177083333333,0.8188211805555556,0.5,0.6
C,1,raw_pixel,base,0,mean,real,base,contact_state,6000,600,auroc,0.9086146990740741,0.9039409751157407,0.9133535590277778,0.5,0.6
C,1,raw_pixel,base,0,mean,real,base,ee_obj_dist,6000,600,r2,0.7924526414398642,0.7803348854871808,0.8047964164644661,0.0,
C,1,raw_pixel,base,0,mean,real,base,friction_slide,6000,600,r2,0.004548426731761146,-0.007098609459056859,0.010556296698114238,0.0,
C,1,raw_pixel,base,0,mean,real,base,log_mass,6000,600,r2,-0.004435306812232254,-0.018666478711904445,0.004939873678709639,0.0,
C,1,raw_pixel,base,0,mean,real,base,obj_pos_x,6000,600,r2,0.7797849044835793,0.7644703023508339,0.7945580942839898,0.0,
C,1,raw_pixel,base,0,mean,real,base,obj_pos_y,6000,600,r2,0.6895094900069274,0.6647564291076574,0.7124463920391022,0.0,
C,1,raw_pixel,base,0,mean,real,base,obj_speed,6000,600,r2,0.21719591297590313,0.19522061375167338,0.23694907607979962,0.0,
C,1,raw_pixel,base,0,mean,real,base,support_state,6000,600,balanced_accuracy,0.7112167892013848,0.6943869550856632,0.7287875923770664,0.5,0.836
C,1,raw_pixel,base,0,mean,real,base,support_state,6000,600,auroc,0.8293132707044774,0.8127027717011932,0.8452510296099806,0.5,0.836
C,2,random_b,base,11,cls,real,base,contact_state,6000,600,balanced_accuracy,0.7484722222222222,0.7386111111111111,0.7581249999999999,0.5,0.6
C,2,random_b,base,11,cls,real,base,contact_state,6000,600,auroc,0.8494490740740741,0.8423442824074074,0.8567593576388889,0.5,0.6
C,2,random_b,base,11,cls,real,base,ee_obj_dist,6000,600,r2,0.607628822459011,0.5926862014945438,0.6225038569979559,0.0,
C,2,random_b,base,11,cls,real,base,friction_slide,6000,600,r2,-0.0023880290636628665,-0.015142102178084066,0.005208285344655292,0.0,
C,2,random_b,base,11,cls,real,base,log_mass,6000,600,r2,-0.001331854832733681,-0.01548100340098848,0.00735660663327172,0.0,
C,2,random_b,base,11,cls,real,base,obj_pos_x,6000,600,r2,0.4861074831319012,0.46527049349371663,0.5053438162017697,0.0,
C,2,random_b,base,11,cls,real,base,obj_pos_y,6000,600,r2,0.4699131930057274,0.4439630532137453,0.49343748732789955,0.0,
C,2,random_b,base,11,cls,real,base,obj_speed,6000,600,r2,0.08828545430654444,0.07300667211119097,0.10116350137912321,0.0,
C,2,random_b,base,11,cls,real,base,support_state,6000,600,balanced_accuracy,0.598250519798775,0.5843148945988775,0.6132896254930391,0.5,0.837
C,2,random_b,base,11,cls,real,base,support_state,6000,600,auroc,0.7599152685240158,0.7414971274876225,0.7787013825403281,0.5,0.837
C,2,random_b,base,11,mean,real,base,contact_state,6000,600,balanced_accuracy,0.76375,0.7545815972222223,0.7731250000000001,0.5,0.6
C,2,random_b,base,11,mean,real,base,contact_state,6000,600,auroc,0.8547929398148149,0.8480333391203704,0.8617336053240741,0.5,0.6
C,2,random_b,base,11,mean,real,base,ee_obj_dist,6000,600,r2,0.6300104155646218,0.6163864094935071,0.6425527480145506,0.0,
C,2,random_b,base,11,mean,real,base,friction_slide,6000,600,r2,-0.0008941384454455026,-0.013044809416118524,0.007002780219889035,0.0,
C,2,random_b,base,11,mean,real,base,log_mass,6000,600,r2,-0.0007811917458822037,-0.014797003301628314,0.007632619578352661,0.0,
C,2,random_b,base,11,mean,real,base,obj_pos_x,6000,600,r2,0.48935406374015167,0.4641466140420708,0.5121810154528522,0.0,
C,2,random_b,base,11,mean,real,base,obj_pos_y,6000,600,r2,0.5027834294877858,0.4780589294304011,0.5266113308656591,0.0,
C,2,random_b,base,11,mean,real,base,obj_speed,6000,600,r2,0.09505002331351076,0.07809991518834981,0.11004608565444414,0.0,
C,2,random_b,base,11,mean,real,base,support_state,6000,600,balanced_accuracy,0.60730760115614,0.5923764186742387,0.6232552922052312,0.5,0.837
C,2,random_b,base,11,mean,real,base,support_state,6000,600,auroc,0.7578246716492423,0.7391467981538868,0.7759912810203442,0.5,0.837
C,2,random_b,base,2,cls,real,base,contact_state,6000,600,balanced_accuracy,0.7423611111111111,0.7325,0.7525034722222221,0.5,0.6
C,2,random_b,base,2,cls,real,base,contact_state,6000,600,auroc,0.8377780092592593,0.8306050925925926,0.8452277430555556,0.5,0.6
C,2,random_b,base,2,cls,real,base,ee_obj_dist,6000,600,r2,0.5997924783909201,0.5858755724478617,0.6136555196752549,0.0,
C,2,random_b,base,2,cls,real,base,friction_slide,6000,600,r2,-0.002639048540496347,-0.015082595527202968,0.00507585516942676,0.0,
C,2,random_b,base,2,cls,real,base,log_mass,6000,600,r2,-0.0024768545208790904,-0.016353571534177724,0.0057184625600387165,0.0,
C,2,random_b,base,2,cls,real,base,obj_pos_x,6000,600,r2,0.455727592065715,0.4278849591658274,0.48117755264206313,0.0,
C,2,random_b,base,2,cls,real,base,obj_pos_y,6000,600,r2,0.4318937994420169,0.40008559493374,0.4607350546872365,0.0,
C,2,random_b,base,2,cls,real,base,obj_speed,6000,600,r2,0.08323834978129319,0.06708044541308217,0.09679489993847037,0.0,
C,2,random_b,base,2,cls,real,base,support_state,6000,600,balanced_accuracy,0.5890749414233812,0.5757942960530666,0.6029274171260945,0.5,0.837
C,2,random_b,base,2,cls,real,base,support_state,6000,600,auroc,0.7555897201597226,0.7381743512478912,0.7729847266181091,0.5,0.837
C,2,random_b,base,2,mean,real,base,contact_state,6000,600,balanced_accuracy,0.7579861111111111,0.7479166666666667,0.7679166666666666,0.5,0.6
C,2,random_b,base,2,mean,real,base,contact_state,6000,600,auroc,0.8521611111111111,0.8452730787037037,0.8594762789351852,0.5,0.6
C,2,random_b,base,2,mean,real,base,ee_obj_dist,6000,600,r2,0.6250697895817103,0.6125521687206118,0.6373425093188129,0.0,
C,2,random_b,base,2,mean,real,base,friction_slide,6000,600,r2,-0.0016421307732386037,-0.013849061048453737,0.006146250772455765,0.0,
C,2,random_b,base,2,mean,real,base,log_mass,6000,600,r2,-0.0008039866191213996,-0.014843001739797112,0.007443602714484457,0.0,
C,2,random_b,base,2,mean,real,base,obj_pos_x,6000,600,r2,0.496559594922076,0.47556408516923365,0.5156640540811251,0.0,
C,2,random_b,base,2,mean,real,base,obj_pos_y,6000,600,r2,0.5042127296180084,0.48004243420027565,0.5269495876346312,0.0,
C,2,random_b,base,2,mean,real,base,obj_speed,6000,600,r2,0.09432038136435661,0.07843238312641809,0.10722487190361168,0.0,
C,2,random_b,base,2,mean,real,base,support_state,6000,600,balanced_accuracy,0.5993860144199876,0.584391706710601,0.6144699481061079,0.5,0.837
C,2,random_b,base,2,mean,real,base,support_state,6000,600,auroc,0.7582522382091395,0.7383835081626017,0.7772996376578097,0.5,0.837
C,2,random_b,base,5,cls,real,base,contact_state,6000,600,balanced_accuracy,0.7485416666666667,0.7388177083333334,0.7579184027777778,0.5,0.6
C,2,random_b,base,5,cls,real,base,contact_state,6000,600,auroc,0.8413019675925926,0.8338737268518519,0.8486201793981482,0.5,0.6
C,2,random_b,base,5,cls,real,base,ee_obj_dist,6000,600,r2,0.5949130814344104,0.5719363799361361,0.6139432626273738,0.0,
C,2,random_b,base,5,cls,real,base,friction_slide,6000,600,r2,-0.0029347734263729386,-0.01555069267280883,0.004688143103467294,0.0,
C,2,random_b,base,5,cls,real,base,log_mass,6000,600,r2,-0.0016899462881398986,-0.015906005664272093,0.006761735998093099,0.0,
C,2,random_b,base,5,cls,real,base,obj_pos_x,6000,600,r2,0.4710282756656712,0.44215954449210815,0.4965695226310846,0.0,
C,2,random_b,base,5,cls,real,base,obj_pos_y,6000,600,r2,0.4542583671444921,0.42541238553825145,0.480026056867611,0.0,
C,2,random_b,base,5,cls,real,base,obj_speed,6000,600,r2,0.0861352518395957,0.06834458275550186,0.10101198068464076,0.0,
C,2,random_b,base,5,cls,real,base,support_state,6000,600,balanced_accuracy,0.5919567400370883,0.5772670525516207,0.6065867213835284,0.5,0.837
C,2,random_b,base,5,cls,real,base,support_state,6000,600,auroc,0.7593704265648326,0.7400137376231981,0.7776420286337014,0.5,0.837
C,2,random_b,base,5,mean,real,base,contact_state,6000,600,balanced_accuracy,0.76,0.7499305555555555,0.7694461805555555,0.5,0.6
C,2,random_b,base,5,mean,real,base,contact_state,6000,600,auroc,0.8539017361111111,0.8467609230324074,0.8610637644675926,0.5,0.6
C,2,random_b,base,5,mean,real,base,ee_obj_dist,6000,600,r2,0.6218514888376827,0.6082351922001478,0.6354301656735485,0.0,
C,2,random_b,base,5,mean,real,base,friction_slide,6000,600,r2,-0.001081630052997662,-0.013250715994221368,0.006547004817697091,0.0,
C,2,random_b,base,5,mean,real,base,log_mass,6000,600,r2,-0.0011735433182789023,-0.015179666128935943,0.0070965990641424625,0.0,
C,2,random_b,base,5,mean,real,base,obj_pos_x,6000,600,r2,0.5012547094202074,0.47360457039636783,0.5249648722453198,0.0,
C,2,random_b,base,5,mean,real,base,obj_pos_y,6000,600,r2,0.5068738369409824,0.4843844765976583,0.5292067933617353,0.0,
C,2,random_b,base,5,mean,real,base,obj_speed,6000,600,r2,0.09494574297550817,0.07776414826973593,0.10889911875868126,0.0,
C,2,random_b,base,5,mean,real,base,support_state,6000,600,balanced_accuracy,0.6027387470589528,0.587666852580517,0.6179828506625065,0.5,0.837
C,2,random_b,base,5,mean,real,base,support_state,6000,600,auroc,0.7609387814271602,0.7395344134008683,0.7800860297953247,0.5,0.837
C,2,random_b,base,8,cls,real,base,contact_state,6000,600,balanced_accuracy,0.7570138888888889,0.7465954861111112,0.7672222222222222,0.5,0.6
C,2,random_b,base,8,cls,real,base,contact_state,6000,600,auroc,0.8482284722222222,0.8410798726851851,0.8555323466435185,0.5,0.6
C,2,random_b,base,8,cls,real,base,ee_obj_dist,6000,600,r2,0.6073402594105755,0.591433102072707,0.6220476891963789,0.0,
C,2,random_b,base,8,cls,real,base,friction_slide,6000,600,r2,-0.002942609390233164,-0.01581642299151595,0.00486552587586078,0.0,
C,2,random_b,base,8,cls,real,base,log_mass,6000,600,r2,-0.0015757619930918398,-0.015858642989318567,0.006995127370747109,0.0,
C,2,random_b,base,8,cls,real,base,obj_pos_x,6000,600,r2,0.47768466608131754,0.45419859430063253,0.4998444593636637,0.0,
C,2,random_b,base,8,cls,real,base,obj_pos_y,6000,600,r2,0.4746006541366047,0.4489645640040307,0.498671215692863,0.0,
C,2,random_b,base,8,cls,real,base,obj_speed,6000,600,r2,0.08761043935587298,0.07241272472863679,0.10055682222699777,0.0,
C,2,random_b,base,8,cls,real,base,support_state,6000,600,balanced_accuracy,0.6029244331078225,0.5879781430852677,0.6176235057137082,0.5,0.837
C,2,random_b,base,8,cls,real,base,support_state,6000,600,auroc,0.758381933398975,0.7403378802714163,0.7758899878247763,0.5,0.837
C,2,random_b,base,8,mean,real,base,contact_state,6000,600,balanced_accuracy,0.765,0.7548611111111112,0.7750052083333333,0.5,0.6
C,2,random_b,base,8,mean,real,base,contact_state,6000,600,auroc,0.8590168981481482,0.8522397193287037,0.8660496498842593,0.5,0.6
C,2,random_b,base,8,mean,real,base,ee_obj_dist,6000,600,r2,0.6277701132776088,0.6146911613712657,0.6402986156501468,0.0,
C,2,random_b,base,8,mean,real,base,friction_slide,6000,600,r2,-0.001287951154466782,-0.01338079736927481,0.006362697169698212,0.0,
C,2,random_b,base,8,mean,real,base,log_mass,6000,600,r2,-0.0007781045432009304,-0.014794054017220976,0.007654255454718198,0.0,
C,2,random_b,base,8,mean,real,base,obj_pos_x,6000,600,r2,0.5017794683800486,0.4790685578853758,0.5221426910773233,0.0,
C,2,random_b,base,8,mean,real,base,obj_pos_y,6000,600,r2,0.5020398289553372,0.4790430441031192,0.5255092490606227,0.0,
C,2,random_b,base,8,mean,real,base,obj_speed,6000,600,r2,0.09399532695792256,0.07774304006929089,0.10748685379049386,0.0,
C,2,random_b,base,8,mean,real,base,support_state,6000,600,balanced_accuracy,0.6147771889575439,0.5991080542820975,0.6306228661773283,0.5,0.837
C,2,random_b,base,8,mean,real,base,support_state,6000,600,auroc,0.7616359185229163,0.7430566322710123,0.7808481882805264,0.5,0.837
C,2,raw_pixel,base,0,mean,real,base,contact_state,6000,600,balanced_accuracy,0.8144444444444444,0.8070798611111112,0.8216684027777778,0.5,0.6
C,2,raw_pixel,base,0,mean,real,base,contact_state,6000,600,auroc,0.9116733796296296,0.9069220572916666,0.9165029166666666,0.5,0.6
C,2,raw_pixel,base,0,mean,real,base,ee_obj_dist,6000,600,r2,0.7860979798228334,0.773503517467284,0.798057503199072,0.0,
C,2,raw_pixel,base,0,mean,real,base,friction_slide,6000,600,r2,-0.0034506748169285117,-0.015050618038519824,0.003691546995880916,0.0,
C,2,raw_pixel,base,0,mean,real,base,log_mass,6000,600,r2,-0.00540437562019358,-0.019273041573781548,0.0031098692340247396,0.0,
C,2,raw_pixel,base,0,mean,real,base,obj_pos_x,6000,600,r2,0.7709811361899677,0.7548923022183319,0.7860563162474221,0.0,
C,2,raw_pixel,base,0,mean,real,base,obj_pos_y,6000,600,r2,0.6807014495557739,0.6567335630643162,0.7021717155797137,0.0,
C,2,raw_pixel,base,0,mean,real,base,obj_speed,6000,600,r2,0.2157250441397378,0.19094862109650299,0.23710853511138874,0.0,
C,2,raw_pixel,base,0,mean,real,base,support_state,6000,600,balanced_accuracy,0.7073777220719631,0.6897472234364076,0.7240629451299151,0.5,0.837
C,2,raw_pixel,base,0,mean,real,base,support_state,6000,600,auroc,0.8336953396873796,0.8172342855223509,0.8499919871173378,0.5,0.837
C,3,random_b,base,11,cls,real,base,contact_state,6000,600,balanced_accuracy,0.7520138888888889,0.741873263888889,0.7617361111111112,0.5,0.6
C,3,random_b,base,11,cls,real,base,contact_state,6000,600,auroc,0.8447260416666666,0.8373106423611111,0.8522594733796297,0.5,0.6
C,3,random_b,base,11,cls,real,base,ee_obj_dist,6000,600,r2,0.5996981289661465,0.5845938348877469,0.6140950905531279,0.0,
C,3,random_b,base,11,cls,real,base,friction_slide,6000,600,r2,0.0010776761718179761,-0.011783514898711527,0.009098984837942043,0.0,
C,3,random_b,base,11,cls,real,base,log_mass,6000,600,r2,0.00034597233559452434,-0.012422039123459395,0.008455549291800932,0.0,
C,3,random_b,base,11,cls,real,base,obj_pos_x,6000,600,r2,0.4615902267874299,0.4378306493430753,0.48375669483692985,0.0,
C,3,random_b,base,11,cls,real,base,obj_pos_y,6000,600,r2,0.487316427275428,0.4646056180024192,0.5084438423203202,0.0,
C,3,random_b,base,11,cls,real,base,obj_speed,6000,600,r2,0.07576923333911512,0.05837035292324464,0.09161606659601328,0.0,
C,3,random_b,base,11,cls,real,base,support_state,6000,600,balanced_accuracy,0.5928491954809997,0.5768619226826862,0.6089215679764088,0.5,0.8466666666666667
C,3,random_b,base,11,cls,real,base,support_state,6000,600,auroc,0.7479608866826429,0.7266957566687167,0.7688672082930805,0.5,0.8466666666666667
C,3,random_b,base,11,mean,real,base,contact_state,6000,600,balanced_accuracy,0.7609722222222222,0.75125,0.7704166666666666,0.5,0.6
C,3,random_b,base,11,mean,real,base,contact_state,6000,600,auroc,0.8515984953703704,0.844521634837963,0.8590357465277778,0.5,0.6
C,3,random_b,base,11,mean,real,base,ee_obj_dist,6000,600,r2,0.6151292421218093,0.598761367045597,0.6300019120106363,0.0,
C,3,random_b,base,11,mean,real,base,friction_slide,6000,600,r2,0.0014882292002176278,-0.011442064731242601,0.010002961671973397,0.0,
C,3,random_b,base,11,mean,real,base,log_mass,6000,600,r2,0.00027971427245132574,-0.01245045263439672,0.00822168564971187,0.0,
C,3,random_b,base,11,mean,real,base,obj_pos_x,6000,600,r2,0.4852067144375717,0.4597960714164064,0.5074751765383134,0.0,
C,3,random_b,base,11,mean,real,base,obj_pos_y,6000,600,r2,0.5179544889978296,0.4951800683274423,0.5377294848931716,0.0,
C,3,random_b,base,11,mean,real,base,obj_speed,6000,600,r2,0.07954432454414895,0.06034893373684153,0.09594763100194727,0.0,
C,3,random_b,base,11,mean,real,base,support_state,6000,600,balanced_accuracy,0.6048057172201301,0.588604230611238,0.6208823374882729,0.5,0.8466666666666667
C,3,random_b,base,11,mean,real,base,support_state,6000,600,auroc,0.7669293478260869,0.7464452527308318,0.7872431018695565,0.5,0.8466666666666667
C,3,random_b,base,2,cls,real,base,contact_state,6000,600,balanced_accuracy,0.7470833333333333,0.7374965277777779,0.7564583333333333,0.5,0.6
C,3,random_b,base,2,cls,real,base,contact_state,6000,600,auroc,0.8447252314814815,0.8377277748842593,0.8516978153935185,0.5,0.6
C,3,random_b,base,2,cls,real,base,ee_obj_dist,6000,600,r2,0.5982074703303454,0.5827611648262337,0.6117842614154826,0.0,
C,3,random_b,base,2,cls,real,base,friction_slide,6000,600,r2,0.0018131979452712388,-0.010436266795090554,0.008725705298580279,0.0,
C,3,random_b,base,2,cls,real,base,log_mass,6000,600,r2,0.00040366259413771033,-0.011370799910091756,0.007267650926558793,0.0,
C,3,random_b,base,2,cls,real,base,obj_pos_x,6000,600,r2,0.4418879759080685,0.4067648767559304,0.47166845285031395,0.0,
C,3,random_b,base,2,cls,real,base,obj_pos_y,6000,600,r2,0.4715318557047644,0.4494612239857883,0.4921236728979109,0.0,
C,3,random_b,base,2,cls,real,base,obj_speed,6000,600,r2,0.07375226048634875,0.05581953130950844,0.09022260199241772,0.0,
C,3,random_b,base,2,cls,real,base,support_state,6000,600,balanced_accuracy,0.5850522081478945,0.5701587017322355,0.5999351727071377,0.5,0.8466666666666667
C,3,random_b,base,2,cls,real,base,support_state,6000,600,auroc,0.7461577798699076,0.7256139836704498,0.7661306040346955,0.5,0.8466666666666667
C,3,random_b,base,2,mean,real,base,contact_state,6000,600,balanced_accuracy,0.7495138888888888,0.7399305555555555,0.7589583333333334,0.5,0.6
C,3,random_b,base,2,mean,real,base,contact_state,6000,600,auroc,0.8455592592592592,0.8388226967592592,0.852523504050926,0.5,0.6
C,3,random_b,base,2,mean,real,base,ee_obj_dist,6000,600,r2,0.6131991462452904,0.6001815611756243,0.6258379595283707,0.0,
C,3,random_b,base,2,mean,real,base,friction_slide,6000,600,r2,0.001037655207023369,-0.011810409622878293,0.009421125782164037,0.0,
C,3,random_b,base,2,mean,real,base,log_mass,6000,600,r2,0.0001926442720360244,-0.01256272540660735,0.008017384435754102,0.0,
C,3,random_b,base,2,mean,real,base,obj_pos_x,6000,600,r2,0.49636566891707024,0.4740775793529197,0.5176532898740887,0.0,
C,3,random_b,base,2,mean,real,base,obj_pos_y,6000,600,r2,0.517071027596498,0.49568439600943925,0.5372057515027834,0.0,
C,3,random_b,base,2,mean,real,base,obj_speed,6000,600,r2,0.07664018418102236,0.05829382677551534,0.09241065104156741,0.0,
C,3,random_b,base,2,mean,real,base,support_state,6000,600,balanced_accuracy,0.5982454638822321,0.5830294954859591,0.6143916286301606,0.5,0.8466666666666667
C,3,random_b,base,2,mean,real,base,support_state,6000,600,auroc,0.7556262838069154,0.7362732720352867,0.774776099850206,0.5,0.8466666666666667
C,3,random_b,base,5,cls,real,base,contact_state,6000,600,balanced_accuracy,0.7543055555555556,0.7438836805555555,0.7638194444444444,0.5,0.6
C,3,random_b,base,5,cls,real,base,contact_state,6000,600,auroc,0.8468752314814815,0.839450324074074,0.8539447974537037,0.5,0.6
C,3,random_b,base,5,cls,real,base,ee_obj_dist,6000,600,r2,0.5957997607111838,0.5737792076486848,0.6148343486436039,0.0,
C,3,random_b,base,5,cls,real,base,friction_slide,6000,600,r2,0.001313627680559537,-0.011153493155124112,0.008869909344968417,0.0,
C,3,random_b,base,5,cls,real,base,log_mass,6000,600,r2,0.0010399019022773182,-0.01146321571748159,0.008555127649802926,0.0,
C,3,random_b,base,5,cls,real,base,obj_pos_x,6000,600,r2,0.44915349035188334,0.4196514084769482,0.4768951958930627,0.0,
C,3,random_b,base,5,cls,real,base,obj_pos_y,6000,600,r2,0.47618522706386046,0.4527094825672044,0.49696397095664696,0.0,
C,3,random_b,base,5,cls,real,base,obj_speed,6000,600,r2,0.07388202124216225,0.0546260926826192,0.09107494390719897,0.0,
C,3,random_b,base,5,cls,real,base,support_state,6000,600,balanced_accuracy,0.5871234166381376,0.5720233058686898,0.6024573073614307,0.5,0.8466666666666667
C,3,random_b,base,5,cls,real,base,support_state,6000,600,auroc,0.7544595172885998,0.7328879020887362,0.7740198819590105,0.5,0.8466666666666667
C,3,random_b,base,5,mean,real,base,contact_state,6000,600,balanced_accuracy,0.7580555555555555,0.7479861111111111,0.7678489583333333,0.5,0.6
C,3,random_b,base,5,mean,real,base,contact_state,6000,600,auroc,0.8487232638888889,0.8416821817129629,0.8562809114583333,0.5,0.6
C,3,random_b,base,5,mean,real,base,ee_obj_dist,6000,600,r2,0.613258320621211,0.5967188361385376,0.6285201255018417,0.0,
C,3,random_b,base,5,mean,real,base,friction_slide,6000,600,r2,0.001467814836416781,-0.011335502882938586,0.009949855493175787,0.0,
C,3,random_b,base,5,mean,real,base,log_mass,6000,600,r2,0.000331286822697785,-0.01238910091880338,0.0082208259634386,0.0,
C,3,random_b,base,5,mean,real,base,obj_pos_x,6000,600,r2,0.48405893809799583,0.45513945419310536,0.5092999978587999,0.0,
C,3,random_b,base,5,mean,real,base,obj_pos_y,6000,600,r2,0.5145762251536612,0.49347957559768507,0.5332550247256719,0.0,
C,3,random_b,base,5,mean,real,base,obj_speed,6000,600,r2,0.07726921744350301,0.059270785571492034,0.09347328755301278,0.0,
C,3,random_b,base,5,mean,real,base,support_state,6000,600,balanced_accuracy,0.5970985963711057,0.5808595193502673,0.6133103311414573,0.5,0.8466666666666667
C,3,random_b,base,5,mean,real,base,support_state,6000,600,auroc,0.7598891646696336,0.7389751760084725,0.7806723499251369,0.5,0.8466666666666667
C,3,random_b,base,8,cls,real,base,contact_state,6000,600,balanced_accuracy,0.7522916666666666,0.7420121527777778,0.7622916666666666,0.5,0.6
C,3,random_b,base,8,cls,real,base,contact_state,6000,600,auroc,0.8474140046296297,0.8397591493055556,0.8552224681712963,0.5,0.6
C,3,random_b,base,8,cls,real,base,ee_obj_dist,6000,600,r2,0.6039262022112736,0.5881234320852103,0.6188432126226031,0.0,
C,3,random_b,base,8,cls,real,base,friction_slide,6000,600,r2,0.0008436968964676828,-0.011784095658807132,0.008811859616765136,0.0,
C,3,random_b,base,8,cls,real,base,log_mass,6000,600,r2,0.0002511866375976002,-0.01243471495686556,0.008204524671546662,0.0,
C,3,random_b,base,8,cls,real,base,obj_pos_x,6000,600,r2,0.4582991675975534,0.4276105599164488,0.48647897852363453,0.0,
C,3,random_b,base,8,cls,real,base,obj_pos_y,6000,600,r2,0.49316248294954923,0.4698858152349478,0.5134392191894113,0.0,
C,3,random_b,base,8,cls,real,base,obj_speed,6000,600,r2,0.07329253885430176,0.056204879560222076,0.08939769032800546,0.0,
C,3,random_b,base,8,cls,real,base,support_state,6000,600,balanced_accuracy,0.5898921602191031,0.5745760042972385,0.6053832261650262,0.5,0.8466666666666667
C,3,random_b,base,8,cls,real,base,support_state,6000,600,auroc,0.7483342605272167,0.7274971209375161,0.7683310380849643,0.5,0.8466666666666667
C,3,random_b,base,8,mean,real,base,contact_state,6000,600,balanced_accuracy,0.7498611111111111,0.7402760416666667,0.7593749999999999,0.5,0.6
C,3,random_b,base,8,mean,real,base,contact_state,6000,600,auroc,0.851184837962963,0.8444608101851853,0.8582139178240741,0.5,0.6
C,3,random_b,base,8,mean,real,base,ee_obj_dist,6000,600,r2,0.6189209087408307,0.6007400259706548,0.6340961280170837,0.0,
C,3,random_b,base,8,mean,real,base,friction_slide,6000,600,r2,0.0010799876404630204,-0.011709011668574165,0.009463812822898907,0.0,
C,3,random_b,base,8,mean,real,base,log_mass,6000,600,r2,0.0002340270047052062,-0.012811783897983025,0.00843507756357826,0.0,
C,3,random_b,base,8,mean,real,base,obj_pos_x,6000,600,r2,0.489949692615669,0.46768633505791724,0.5105456339234331,0.0,
C,3,random_b,base,8,mean,real,base,obj_pos_y,6000,600,r2,0.5172873905129483,0.49550097302958995,0.5362691359254502,0.0,
C,3,random_b,base,8,mean,real,base,obj_speed,6000,600,r2,0.08032647962054373,0.06206417706036012,0.09628877341622974,0.0,
C,3,random_b,base,8,mean,real,base,support_state,6000,600,balanced_accuracy,0.6012923656282095,0.5854868084825656,0.6176906622167248,0.5,0.8466666666666667
C,3,random_b,base,8,mean,real,base,support_state,6000,600,auroc,0.7658729887024991,0.7444790317245158,0.7865941261372352,0.5,0.8466666666666667
C,3,raw_pixel,base,0,mean,real,base,contact_state,6000,600,balanced_accuracy,0.8114583333333334,0.8042361111111112,0.8184027777777778,0.5,0.6
C,3,raw_pixel,base,0,mean,real,base,contact_state,6000,600,auroc,0.9078243055555556,0.902869994212963,0.91279703125,0.5,0.6
C,3,raw_pixel,base,0,mean,real,base,ee_obj_dist,6000,600,r2,0.7720560151810903,0.7563625891824987,0.7872930929403811,0.0,
C,3,raw_pixel,base,0,mean,real,base,friction_slide,6000,600,r2,0.0020383537046794187,-0.010928017671948254,0.009681160813526655,0.0,
C,3,raw_pixel,base,0,mean,real,base,log_mass,6000,600,r2,0.0005076908704190197,-0.010725898603434597,0.007343660055531035,0.0,
C,3,raw_pixel,base,0,mean,real,base,obj_pos_x,6000,600,r2,0.7665598481930529,0.7447923090046779,0.7853378959367736,0.0,
C,3,raw_pixel,base,0,mean,real,base,obj_pos_y,6000,600,r2,0.6765376716848825,0.6506143991262108,0.699305119316947,0.0,
C,3,raw_pixel,base,0,mean,real,base,obj_speed,6000,600,r2,0.2047860789361543,0.1814449040810795,0.22670733493101433,0.0,
C,3,raw_pixel,base,0,mean,real,base,support_state,6000,600,balanced_accuracy,0.7084988017802123,0.6901843342416385,0.7263311837924724,0.5,0.8466666666666667
C,3,raw_pixel,base,0,mean,real,base,support_state,6000,600,auroc,0.8283590807942486,0.8119547377420101,0.8447180940491255,0.5,0.8466666666666667
C,4,random_b,base,11,cls,real,base,contact_state,6000,600,balanced_accuracy,0.7468055555555555,0.7367343749999999,0.7565312499999999,0.5,0.6
C,4,random_b,base,11,cls,real,base,contact_state,6000,600,auroc,0.8418461805555556,0.8348040711805556,0.8488445833333333,0.5,0.6
C,4,random_b,base,11,cls,real,base,ee_obj_dist,6000,600,r2,0.6004812473379548,0.5801418471054984,0.617713624109542,0.0,
C,4,random_b,base,11,cls,real,base,friction_slide,6000,600,r2,-0.009207425513089396,-0.023977556702692283,0.00030809750373878757,0.0,
C,4,random_b,base,11,cls,real,base,log_mass,6000,600,r2,-0.001349213123745363,-0.014606843046110629,0.0067053025604108625,0.0,
C,4,random_b,base,11,cls,real,base,obj_pos_x,6000,600,r2,0.44276767461141253,0.40154233648325605,0.4724490595524739,0.0,
C,4,random_b,base,11,cls,real,base,obj_pos_y,6000,600,r2,0.46181312255739926,0.4320917098086867,0.4870583358046662,0.0,
C,4,random_b,base,11,cls,real,base,obj_speed,6000,600,r2,0.08550509088252178,0.07191238752308307,0.09859162509222426,0.0,
C,4,random_b,base,11,cls,real,base,support_state,6000,600,balanced_accuracy,0.5951147106508043,0.5800409643040134,0.6101479779382802,0.5,0.839
C,4,random_b,base,11,cls,real,base,support_state,6000,600,auroc,0.7652371739665101,0.7460985121091245,0.7835649310583243,0.5,0.839
C,4,random_b,base,11,mean,real,base,contact_state,6000,600,balanced_accuracy,0.7497916666666666,0.7390954861111111,0.7598628472222222,0.5,0.6
C,4,random_b,base,11,mean,real,base,contact_state,6000,600,auroc,0.848991087962963,0.8418488049768519,0.8557597135416667,0.5,0.6
C,4,random_b,base,11,mean,real,base,ee_obj_dist,6000,600,r2,0.6294709180917263,0.6151734902105273,0.6429789628454953,0.0,
C,4,random_b,base,11,mean,real,base,friction_slide,6000,600,r2,-0.00600523507288897,-0.0206508692651535,0.0036341675131927914,0.0,
C,4,random_b,base,11,mean,real,base,log_mass,6000,600,r2,-0.0010134991447179331,-0.014308478833704192,0.0069736807892444895,0.0,
C,4,random_b,base,11,mean,real,base,obj_pos_x,6000,600,r2,0.4741402211965745,0.45052005155940517,0.4963077854596531,0.0,
C,4,random_b,base,11,mean,real,base,obj_pos_y,6000,600,r2,0.4853985084480995,0.4550857517200243,0.5128457512197725,0.0,
C,4,random_b,base,11,mean,real,base,obj_speed,6000,600,r2,0.09562447669612306,0.08096429549722818,0.10948283061011903,0.0,
C,4,random_b,base,11,mean,real,base,support_state,6000,600,balanced_accuracy,0.5962282565511047,0.5807204471075755,0.610806094461148,0.5,0.839
C,4,random_b,base,11,mean,real,base,support_state,6000,600,auroc,0.7669156156356239,0.7485111602034636,0.7851685026719035,0.5,0.839
C,4,random_b,base,2,cls,real,base,contact_state,6000,600,balanced_accuracy,0.7422916666666667,0.7322222222222222,0.7518072916666667,0.5,0.6
C,4,random_b,base,2,cls,real,base,contact_state,6000,600,auroc,0.8343454861111111,0.8271306481481482,0.8416268547453704,0.5,0.6
C,4,random_b,base,2,cls,real,base,ee_obj_dist,6000,600,r2,0.6016234828549452,0.5862056839869377,0.6169849726664218,0.0,
C,4,random_b,base,2,cls,real,base,friction_slide,6000,600,r2,-0.009430356501843207,-0.023879341017665378,-0.0004341198558287046,0.0,
C,4,random_b,base,2,cls,real,base,log_mass,6000,600,r2,-0.002647606687457893,-0.015246775086776587,0.004498048191331292,0.0,
C,4,random_b,base,2,cls,real,base,obj_pos_x,6000,600,r2,0.45355702682054977,0.42870993505501404,0.47620814803256906,0.0,
C,4,random_b,base,2,cls,real,base,obj_pos_y,6000,600,r2,0.437123267157272,0.40707278978975064,0.4642280386187298,0.0,
C,4,random_b,base,2,cls,real,base,obj_speed,6000,600,r2,0.0851662396387668,0.0719651624247858,0.09767331349815016,0.0,
C,4,random_b,base,2,cls,real,base,support_state,6000,600,balanced_accuracy,0.5887622551741326,0.5755045325375558,0.6030969160222277,0.5,0.839
C,4,random_b,base,2,cls,real,base,support_state,6000,600,auroc,0.7641472767787739,0.7465501160852307,0.7824001871979162,0.5,0.839
C,4,random_b,base,2,mean,real,base,contact_state,6000,600,balanced_accuracy,0.7538194444444444,0.7438888888888888,0.7636128472222221,0.5,0.6
C,4,random_b,base,2,mean,real,base,contact_state,6000,600,auroc,0.8461569444444444,0.8386599652777779,0.8538383854166667,0.5,0.6
C,4,random_b,base,2,mean,real,base,ee_obj_dist,6000,600,r2,0.6196042978839746,0.6063105859040587,0.6322969683330424,0.0,
C,4,random_b,base,2,mean,real,base,friction_slide,6000,600,r2,-0.005050530448041268,-0.019470712655909782,0.004149854457795334,0.0,
C,4,random_b,base,2,mean,real,base,log_mass,6000,600,r2,-0.00042609069910226616,-0.013268290953595163,0.007336954566753533,0.0,
C,4,random_b,base,2,mean,real,base,obj_pos_x,6000,600,r2,0.49358582969872355,0.47087465801362516,0.5154355785023468,0.0,
C,4,random_b,base,2,mean,real,base,obj_pos_y,6000,600,r2,0.4869179232441001,0.4617016153654284,0.5098318580522713,0.0,
C,4,random_b,base,2,mean,real,base,obj_speed,6000,600,r2,0.09382633086615833,0.0799766691491146,0.10713937422154174,0.0,
C,4,random_b,base,2,mean,real,base,support_state,6000,600,balanced_accuracy,0.6011691923491685,0.5863396306920119,0.6163393716898017,0.5,0.839
C,4,random_b,base,2,mean,real,base,support_state,6000,600,auroc,0.7671364740468746,0.7487861998229329,0.785050640666693,0.5,0.839
C,4,random_b,base,5,cls,real,base,contact_state,6000,600,balanced_accuracy,0.7540277777777777,0.7440260416666666,0.7636840277777777,0.5,0.6
C,4,random_b,base,5,cls,real,base,contact_state,6000,600,auroc,0.8410616898148148,0.8339576620370371,0.8487688020833333,0.5,0.6
C,4,random_b,base,5,cls,real,base,ee_obj_dist,6000,600,r2,0.6029479577829719,0.5874356864954775,0.6179831889369867,0.0,
C,4,random_b,base,5,cls,real,base,friction_slide,6000,600,r2,-0.009051907665569514,-0.02340710105323652,-4.5941040566249056e-05,0.0,
C,4,random_b,base,5,cls,real,base,log_mass,6000,600,r2,-0.0017465388411412874,-0.014677885969399378,0.00621405137685071,0.0,
C,4,random_b,base,5,cls,real,base,obj_pos_x,6000,600,r2,0.4569172129118324,0.4322230485170091,0.4786293643091808,0.0,
C,4,random_b,base,5,cls,real,base,obj_pos_y,6000,600,r2,0.4481884910877154,0.41920950438121096,0.4739416046084536,0.0,
C,4,random_b,base,5,cls,real,base,obj_speed,6000,600,r2,0.0906200940165065,0.07755041890328987,0.10307157105307906,0.0,
C,4,random_b,base,5,cls,real,base,support_state,6000,600,balanced_accuracy,0.5935773386931598,0.580198367682677,0.6071780535349673,0.5,0.839
C,4,random_b,base,5,cls,real,base,support_state,6000,600,auroc,0.7711861618427406,0.7532342007565176,0.7892554131175565,0.5,0.839
C,4,random_b,base,5,mean,real,base,contact_state,6000,600,balanced_accuracy,0.7540277777777777,0.7436111111111111,0.7636822916666667,0.5,0.6
C,4,random_b,base,5,mean,real,base,contact_state,6000,600,auroc,0.8472035879629629,0.8398258420138889,0.8542714988425926,0.5,0.6
C,4,random_b,base,5,mean,real,base,ee_obj_dist,6000,600,r2,0.6252016767777591,0.6123295216849625,0.6384772384708318,0.0,
C,4,random_b,base,5,mean,real,base,friction_slide,6000,600,r2,-0.005327351072547781,-0.019867183988064613,0.003846744237367185,0.0,
C,4,random_b,base,5,mean,real,base,log_mass,6000,600,r2,-0.0007375696111973085,-0.013683615429679413,0.00726403540034825,0.0,
C,4,random_b,base,5,mean,real,base,obj_pos_x,6000,600,r2,0.48634324750387625,0.4641600285241999,0.5064860227306837,0.0,
C,4,random_b,base,5,mean,real,base,obj_pos_y,6000,600,r2,0.4904573448895979,0.4642674636003519,0.5141155477614537,0.0,
C,4,random_b,base,5,mean,real,base,obj_speed,6000,600,r2,0.09437244469661632,0.08099350769463011,0.10713208093087057,0.0,
C,4,random_b,base,5,mean,real,base,support_state,6000,600,balanced_accuracy,0.6071397725281749,0.591104833812071,0.6228250712653806,0.5,0.839
C,4,random_b,base,5,mean,real,base,support_state,6000,600,auroc,0.7714691238295943,0.7534679834926692,0.7893347842572007,0.5,0.839
C,4,random_b,base,8,cls,real,base,contact_state,6000,600,balanced_accuracy,0.7515277777777778,0.7411788194444444,0.7614600694444444,0.5,0.6
C,4,random_b,base,8,cls,real,base,contact_state,6000,600,auroc,0.84189375,0.834334704861111,0.8492592013888889,0.5,0.6
C,4,random_b,base,8,cls,real,base,ee_obj_dist,6000,600,r2,0.6102620441396456,0.5964998561516324,0.6244707243135819,0.0,
C,4,random_b,base,8,cls,real,base,friction_slide,6000,600,r2,-0.009279046770936272,-0.02399616765147669,0.00025510514690887736,0.0,
C,4,random_b,base,8,cls,real,base,log_mass,6000,600,r2,-0.0016292823081596186,-0.014730981900991896,0.006484561001589332,0.0,
C,4,random_b,base,8,cls,real,base,obj_pos_x,6000,600,r2,0.4521122491111682,0.4256195171787934,0.476342616798158,0.0,
C,4,random_b,base,8,cls,real,base,obj_pos_y,6000,600,r2,0.46332903711464635,0.4345499548207854,0.4903241492345792,0.0,
C,4,random_b,base,8,cls,real,base,obj_speed,6000,600,r2,0.08711057819948109,0.0739098026269884,0.10001672860332078,0.0,
C,4,random_b,base,8,cls,real,base,support_state,6000,600,balanced_accuracy,0.584422819239112,0.5705757924333471,0.5981690771403609,0.5,0.839
C,4,random_b,base,8,cls,real,base,support_state,6000,600,auroc,0.7728938045308466,0.7554014433477823,0.7911207949017063,0.5,0.839
C,4,random_b,base,8,mean,real,base,contact_state,6000,600,balanced_accuracy,0.7570138888888889,0.7471527777777778,0.7670850694444444,0.5,0.6
C,4,random_b,base,8,mean,real,base,contact_state,6000,600,auroc,0.8534379629629629,0.8459974884259259,0.860589548611111,0.5,0.6
C,4,random_b,base,8,mean,real,base,ee_obj_dist,6000,600,r2,0.6264367051622278,0.6128927684557854,0.6403048306770333,0.0,
C,4,random_b,base,8,mean,real,base,friction_slide,6000,600,r2,-0.005751656536491012,-0.020257256230828725,0.0037686015482086407,0.0,
C,4,random_b,base,8,mean,real,base,log_mass,6000,600,r2,-0.0009123291714099313,-0.01408762923656336,0.0073621978118163,0.0,
C,4,random_b,base,8,mean,real,base,obj_pos_x,6000,600,r2,0.4753436504080807,0.45091438626322505,0.49761190191239785,0.0,
C,4,random_b,base,8,mean,real,base,obj_pos_y,6000,600,r2,0.4779805376876146,0.44678669737848714,0.5055384864725028,0.0,
C,4,random_b,base,8,mean,real,base,obj_speed,6000,600,r2,0.09205069411458866,0.07810522978029269,0.10498472272019262,0.0,
C,4,random_b,base,8,mean,real,base,support_state,6000,600,balanced_accuracy,0.6033543333900903,0.5873612462622487,0.6187814915724212,0.5,0.839
C,4,random_b,base,8,mean,real,base,support_state,6000,600,auroc,0.772865014793812,0.7546604017215499,0.7902651584295588,0.5,0.839
C,4,raw_pixel,base,0,mean,real,base,contact_state,6000,600,balanced_accuracy,0.8129166666666667,0.8057621527777779,0.8202083333333333,0.5,0.6
C,4,raw_pixel,base,0,mean,real,base,contact_state,6000,600,auroc,0.910475925925926,0.9059169646990741,0.9150492910879631,0.5,0.6
C,4,raw_pixel,base,0,mean,real,base,ee_obj_dist,6000,600,r2,0.7793687302625177,0.7621595594349982,0.7939868682324244,0.0,
C,4,raw_pixel,base,0,mean,real,base,friction_slide,6000,600,r2,-0.002679082369249741,-0.015277852908276978,0.005532379925253117,0.0,
C,4,raw_pixel,base,0,mean,real,base,log_mass,6000,600,r2,-0.011863477097545871,-0.027463397889732132,-0.0014391045671095133,0.0,
C,4,raw_pixel,base,0,mean,real,base,obj_pos_x,6000,600,r2,0.7713725798876534,0.7522975368727579,0.7873790811134793,0.0,
C,4,raw_pixel,base,0,mean,real,base,obj_pos_y,6000,600,r2,0.6751794271579576,0.6477909022154801,0.6977582294037706,0.0,
C,4,raw_pixel,base,0,mean,real,base,obj_speed,6000,600,r2,0.22620093432678334,0.2046821033673243,0.24580301574026167,0.0,
C,4,raw_pixel,base,0,mean,real,base,support_state,6000,600,balanced_accuracy,0.7132992545103236,0.6956294746770773,0.7301597420488711,0.5,0.839
C,4,raw_pixel,base,0,mean,real,base,support_state,6000,600,auroc,0.8427115901723353,0.8274374276895263,0.8581542419770676,0.5,0.839