exp,seed,encoder,train_condition,layer,view,task,eval_condition,target,n_rows,n_scenes,metric,value,ci_low,ci_high,trivial
F,0,dinov2_b,base,11,cls,scene_pooled,base,friction_slide,600,600,r2,0.020565352719938756,-0.016837898095479465,0.05154413371294508,0.0
F,0,dinov2_b,base,11,cls,scene_pooled,base,log_mass,600,600,r2,-0.0056465945447790045,-0.016164466769749787,-0.0003935518548176722,0.0
F,0,dinov2_b,base,11,mean,scene_pooled,base,friction_slide,600,600,r2,0.03373115327457421,-0.0035459317895106587,0.06619733433280472,0.0
F,0,dinov2_b,base,11,mean,scene_pooled,base,log_mass,600,600,r2,-0.004781113471288956,-0.015117661508333763,0.00057506066673503,0.0
F,0,dinov2_b,base,2,cls,scene_pooled,base,friction_slide,600,600,r2,-0.013902478490240844,-0.034162518210504596,-0.0020978954346917997,0.0
F,0,dinov2_b,base,2,cls,scene_pooled,base,log_mass,600,600,r2,0.0004912299780277518,-0.009004620176075739,0.003495452891228717,0.0
F,0,dinov2_b,base,2,mean,scene_pooled,base,friction_slide,600,600,r2,-0.009645100370929915,-0.028091386230866062,-0.0018239756077292962,0.0
F,0,dinov2_b,base,2,mean,scene_pooled,base,log_mass,600,600,r2,0.00020418997193349941,-0.010211287520045886,0.006054470507777593,0.0
F,0,dinov2_b,base,5,cls,scene_pooled,base,friction_slide,600,600,r2,-0.016895924049129984,-0.03880582319981327,-0.00184244365877902,0.0
F,0,dinov2_b,base,5,cls,scene_pooled,base,log_mass,600,600,r2,-0.004082579111035489,-0.014070788524775807,0.0009166654194172389,0.0
F,0,dinov2_b,base,5,mean,scene_pooled,base,friction_slide,600,600,r2,-0.007901384468238959,-0.026470647058662217,0.0001581984152087785,0.0
F,0,dinov2_b,base,5,mean,scene_pooled,base,log_mass,600,600,r2,-0.0005807084977129673,-0.010844842757819185,0.004436135301988787,0.0
F,0,dinov2_b,base,8,cls,scene_pooled,base,friction_slide,600,600,r2,-0.007469151912333549,-0.044072397751718465,0.026276899648008566,0.0
F,0,dinov2_b,base,8,cls,scene_pooled,base,log_mass,600,600,r2,-0.004370087498110742,-0.015030236677761554,0.00123609881057778,0.0
F,0,dinov2_b,base,8,mean,scene_pooled,base,friction_slide,600,600,r2,-0.007708495822510653,-0.025558944336582873,-0.0003959483039306089,0.0
F,0,dinov2_b,base,8,mean,scene_pooled,base,log_mass,600,600,r2,-0.001725355593140021,-0.012020975968738894,0.0034380082336854622,0.0
F,0,random_b,base,11,cls,scene_pooled,base,friction_slide,600,600,r2,-0.02193589629098036,-0.04566665398506238,-0.0024258801863090277,0.0
F,0,random_b,base,11,cls,scene_pooled,base,log_mass,600,600,r2,0.0014227733983253055,-0.008359140377721003,0.005172869724729997,0.0
F,0,random_b,base,11,mean,scene_pooled,base,friction_slide,600,600,r2,-0.02135272764475893,-0.04402909777225868,-0.004978961459279155,0.0
F,0,random_b,base,11,mean,scene_pooled,base,log_mass,600,600,r2,0.0011384058220207383,-0.008487851710077193,0.004362814662466498,0.0
F,0,random_b,base,2,cls,scene_pooled,base,friction_slide,600,600,r2,-0.014886172947401466,-0.035739454229931494,-0.001499952145961314,0.0
F,0,random_b,base,2,cls,scene_pooled,base,log_mass,600,600,r2,0.000943465104649821,-0.008781971893146823,0.004109910154898033,0.0
F,0,random_b,base,2,mean,scene_pooled,base,friction_slide,600,600,r2,-0.022408049005011366,-0.04449789992339959,-0.006397747263320198,0.0
F,0,random_b,base,2,mean,scene_pooled,base,log_mass,600,600,r2,0.0008706883907956264,-0.008657525898048612,0.004023935628274001,0.0
F,0,random_b,base,5,cls,scene_pooled,base,friction_slide,600,600,r2,-0.015025918622252332,-0.0358771030610341,-0.0016635717400461057,0.0
F,0,random_b,base,5,cls,scene_pooled,base,log_mass,600,600,r2,0.0012771538166395091,-0.008639941321857076,0.004906452869400381,0.0
F,0,random_b,base,5,mean,scene_pooled,base,friction_slide,600,600,r2,-0.020423542051071664,-0.042242020051054284,-0.004668610987331318,0.0
F,0,random_b,base,5,mean,scene_pooled,base,log_mass,600,600,r2,0.0010269532806387316,-0.008528526040579843,0.004324684869674096,0.0
F,0,random_b,base,8,cls,scene_pooled,base,friction_slide,600,600,r2,-0.015319768948791834,-0.036665688942082594,-0.0015643629976779079,0.0
F,0,random_b,base,8,cls,scene_pooled,base,log_mass,600,600,r2,0.00143939563912876,-0.008573928849413942,0.005239142782453632,0.0
F,0,random_b,base,8,mean,scene_pooled,base,friction_slide,600,600,r2,-0.028477621177164014,-0.05219880927690347,-0.009082942039510364,0.0
F,0,random_b,base,8,mean,scene_pooled,base,log_mass,600,600,r2,0.0010742175576721191,-0.00849651922066757,0.004374802421958134,0.0
F,0,videomae_b,base,11,mean,real,base,friction_slide,600,600,r2,0.2772527676379668,0.21240718406462372,0.33869156524815425,0.0
F,0,videomae_b,base,11,mean,real,base,log_mass,600,600,r2,0.0012135910856344578,-0.00886857500552105,0.005598037332352778,0.0
F,0,videomae_b,base,2,mean,real,base,friction_slide,600,600,r2,0.13733290298050482,0.07637435450902763,0.1978498498642729,0.0
F,0,videomae_b,base,2,mean,real,base,log_mass,600,600,r2,0.001296477890125658,-0.008108475797723984,0.004785262283885431,0.0
F,0,videomae_b,base,5,mean,real,base,friction_slide,600,600,r2,0.3313646047428759,0.2608720584751661,0.39964673239567444,0.0
F,0,videomae_b,base,5,mean,real,base,log_mass,600,600,r2,0.00011206924506579341,-0.009546759912069292,0.004205792012077415,0.0
F,0,videomae_b,base,8,mean,real,base,friction_slide,600,600,r2,0.35790611566848585,0.296654648834808,0.41651788378287613,0.0
F,0,videomae_b,base,8,mean,real,base,log_mass,600,600,r2,0.00010504984168169251,-0.00988024394341051,0.004563454249698151,0.0
F,0,vjepa2,base,11,mean,real,base,friction_slide,600,600,r2,0.48249954859271504,0.42409106662630497,0.5358735806528911,0.0
F,0,vjepa2,base,11,mean,real,base,log_mass,600,600,r2,-0.001135319532888257,-0.011196634969063906,0.0038555918788985583,0.0
F,0,vjepa2,base,17,mean,real,base,friction_slide,600,600,r2,0.5884346084604547,0.5338053762462619,0.6362335014141247,0.0
F,0,vjepa2,base,17,mean,real,base,log_mass,600,600,r2,-0.005797292965866285,-0.015904665088016755,-0.0009972245277084936,0.0
F,0,vjepa2,base,23,mean,real,base,friction_slide,600,600,r2,0.5829180409991537,0.5348135119469858,0.6283663037017716,0.0
F,0,vjepa2,base,23,mean,real,base,log_mass,600,600,r2,-0.008736993785427583,-0.01979424826824643,-0.002796889032509721,0.0
F,0,vjepa2,base,5,mean,real,base,friction_slide,600,600,r2,0.33000119065687405,0.2643274414981607,0.3948180745882828,0.0
F,0,vjepa2,base,5,mean,real,base,log_mass,600,600,r2,-0.00043306454014957474,-0.00984365005175612,0.0032344095156954383,0.0
F,1,dinov2_b,base,11,cls,scene_pooled,base,friction_slide,600,600,r2,0.028619387514030703,-0.011369816559943069,0.0635805855679436,0.0
F,1,dinov2_b,base,11,cls,scene_pooled,base,log_mass,600,600,r2,-0.0003162066345245851,-0.011703107049705752,0.0033013669203358106,0.0
F,1,dinov2_b,base,11,mean,scene_pooled,base,friction_slide,600,600,r2,0.029949622942433973,0.0023111787453154843,0.0550549119336972,0.0
F,1,dinov2_b,base,11,mean,scene_pooled,base,log_mass,600,600,r2,0.000180853288758831,-0.011626983332506346,0.004640972187101355,0.0
F,1,dinov2_b,base,2,cls,scene_pooled,base,friction_slide,600,600,r2,0.0010036366184273948,-0.00901329865879007,0.004716185821651095,0.0
F,1,dinov2_b,base,2,cls,scene_pooled,base,log_mass,600,600,r2,-0.004161646432950805,-0.015460647134097472,0.00020357294660000095,0.0
F,1,dinov2_b,base,2,mean,scene_pooled,base,friction_slide,600,600,r2,-0.00037155020108836645,-0.010255699963006126,0.0030219661008150426,0.0
F,1,dinov2_b,base,2,mean,scene_pooled,base,log_mass,600,600,r2,-0.0019815024841858264,-0.014870235913744673,0.004458913569105029,0.0
F,1,dinov2_b,base,5,cls,scene_pooled,base,friction_slide,600,600,r2,-8.698609365276333e-05,-0.010453745252501683,0.00408218309769478,0.0
F,1,dinov2_b,base,5,cls,scene_pooled,base,log_mass,600,600,r2,-0.0023615127063945085,-0.013974426668366896,0.002552562268394039,0.0
F,1,dinov2_b,base,5,mean,scene_pooled,base,friction_slide,600,600,r2,0.00011864781464743235,-0.00950753420357724,0.004193845546504615,0.0
F,1,dinov2_b,base,5,mean,scene_pooled,base,log_mass,600,600,r2,0.00042809717659852975,-0.011621939288394428,0.0064780128468226485,0.0
F,1,dinov2_b,base,8,cls,scene_pooled,base,friction_slide,600,600,r2,0.02339804080913077,-0.01456951540761961,0.05551642369788282,0.0
F,1,dinov2_b,base,8,cls,scene_pooled,base,log_mass,600,600,r2,-0.0003167000056760738,-0.012952553397929788,0.00522493927885214,0.0
F,1,dinov2_b,base,8,mean,scene_pooled,base,friction_slide,600,600,r2,0.001236114435844038,-0.008293906621703612,0.0048531999791249095,0.0
F,1,dinov2_b,base,8,mean,scene_pooled,base,log_mass,600,600,r2,0.0004676690315982279,-0.011984609422392217,0.006464375773534718,0.0
F,1,random_b,base,11,cls,scene_pooled,base,friction_slide,600,600,r2,0.0018967135281287018,-0.0075932731397219235,0.004526725659692595,0.0
F,1,random_b,base,11,cls,scene_pooled,base,log_mass,600,600,r2,-0.0024832158530649906,-0.014013657649945943,0.002145944174776568,0.0
F,1,random_b,base,11,mean,scene_pooled,base,friction_slide,600,600,r2,0.0030476207641968456,-0.006339281536599811,0.005755413656016254,0.0
F,1,random_b,base,11,mean,scene_pooled,base,log_mass,600,600,r2,-0.0016655999766370666,-0.012494346224586238,0.002068609957846345,0.0
F,1,random_b,base,2,cls,scene_pooled,base,friction_slide,600,600,r2,0.0016103978768752247,-0.007778984065580979,0.0038332122195261368,0.0
F,1,random_b,base,2,cls,scene_pooled,base,log_mass,600,600,r2,-0.0029522196505906706,-0.014417180569111699,0.0013595534508917201,0.0
F,1,random_b,base,2,mean,scene_pooled,base,friction_slide,600,600,r2,0.0028409972493796953,-0.00660576908562629,0.0055189418425534344,0.0
F,1,random_b,base,2,mean,scene_pooled,base,log_mass,600,600,r2,-0.002237641508877175,-0.0133518513864407,0.0018122262400167178,0.0
F,1,random_b,base,5,cls,scene_pooled,base,friction_slide,600,600,r2,0.0018043326829128015,-0.0076118106875896095,0.004162021310161013,0.0
F,1,random_b,base,5,cls,scene_pooled,base,log_mass,600,600,r2,-0.002530005008194225,-0.014064491377158594,0.0020693858764151223,0.0
F,1,random_b,base,5,mean,scene_pooled,base,friction_slide,600,600,r2,0.00300792693699381,-0.006395058794815445,0.005752210724696285,0.0
F,1,random_b,base,5,mean,scene_pooled,base,log_mass,600,600,r2,-0.002022934945450805,-0.013108973095844145,0.0019562361621453914,0.0
F,1,random_b,base,8,cls,scene_pooled,base,friction_slide,600,600,r2,0.0021110915094898486,-0.007298309964679284,0.004744584592117481,0.0
F,1,random_b,base,8,cls,scene_pooled,base,log_mass,600,600,r2,-0.002435088792544615,-0.013995744202801813,0.0022600403356542965,0.0
F,1,random_b,base,8,mean,scene_pooled,base,friction_slide,600,600,r2,0.0028599255217540698,-0.006594951480404098,0.005671813283579058,0.0
F,1,random_b,base,8,mean,scene_pooled,base,log_mass,600,600,r2,-0.001983692583470198,-0.013054872228970888,0.0019533292678329123,0.0
F,1,videomae_b,base,11,mean,real,base,friction_slide,600,600,r2,0.2885044050412717,0.2186598749605678,0.3520492708786771,0.0
F,1,videomae_b,base,11,mean,real,base,log_mass,600,600,r2,-0.0011387575994217247,-0.013113622653362012,0.005204048108301696,0.0
F,1,videomae_b,base,2,mean,real,base,friction_slide,600,600,r2,0.0824536519589083,0.003464325921707182,0.16006214551759523,0.0
F,1,videomae_b,base,2,mean,real,base,log_mass,600,600,r2,-0.0024199510926483647,-0.014324538186380386,0.0037682469563319254,0.0
F,1,videomae_b,base,5,mean,real,base,friction_slide,600,600,r2,0.32271447568924017,0.25261063183734017,0.3902120037253499,0.0
F,1,videomae_b,base,5,mean,real,base,log_mass,600,600,r2,-0.0024833855253809656,-0.014297168979520759,0.0037736704216807327,0.0
F,1,videomae_b,base,8,mean,real,base,friction_slide,600,600,r2,0.37552081215895405,0.31456626526174103,0.4348824446111897,0.0
F,1,videomae_b,base,8,mean,real,base,log_mass,600,600,r2,-0.0013366551614839572,-0.01325737349355438,0.005001650663916925,0.0
F,1,vjepa2,base,11,mean,real,base,friction_slide,600,600,r2,0.5014637888414208,0.4412504945302192,0.5549805411466792,0.0
F,1,vjepa2,base,11,mean,real,base,log_mass,600,600,r2,0.00043633417832866783,-0.010603918757824304,0.00576583975943073,0.0
F,1,vjepa2,base,17,mean,real,base,friction_slide,600,600,r2,0.6077954284912264,0.5578190223413898,0.6524191242022895,0.0
F,1,vjepa2,base,17,mean,real,base,log_mass,600,600,r2,-0.00037581706990308383,-0.011071277758333515,0.0038217351062465863,0.0
F,1,vjepa2,base,23,mean,real,base,friction_slide,600,600,r2,0.5735040487979302,0.522613933120118,0.6211252915924085,0.0
F,1,vjepa2,base,23,mean,real,base,log_mass,600,600,r2,-0.00041844382488109844,-0.011926074559257916,0.004106826345818247,0.0
F,1,vjepa2,base,5,mean,real,base,friction_slide,600,600,r2,0.35692343808846516,0.2929897117356522,0.41944833368864776,0.0
F,1,vjepa2,base,5,mean,real,base,log_mass,600,600,r2,-0.002300757340986337,-0.013884742181551307,0.003405803099318093,0.0
F,2,dinov2_b,base,11,cls,scene_pooled,base,friction_slide,600,600,r2,0.013874841532528603,-0.023236854421905744,0.044992305489577625,0.0
F,2,dinov2_b,base,11,cls,scene_pooled,base,log_mass,600,600,r2,-0.003126130254400339,-0.014991067114174644,0.0010118381546214493,0.0
F,2,dinov2_b,base,11,mean,scene_pooled,base,friction_slide,600,600,r2,0.023974191026064684,-0.0011200002133165293,0.04562937974408985,0.0
F,2,dinov2_b,base,11,mean,scene_pooled,base,log_mass,600,600,r2,-0.0029404585569337005,-0.014996087400228276,0.001722109056089206,0.0
F,2,dinov2_b,base,2,cls,scene_pooled,base,friction_slide,600,600,r2,-0.00025891263366339956,-0.009273560107055556,0.003081888574159987,0.0
F,2,dinov2_b,base,2,cls,scene_pooled,base,log_mass,600,600,r2,-0.0037258049384905068,-0.01571851460674949,0.0006272417201525779,0.0
F,2,dinov2_b,base,2,mean,scene_pooled,base,friction_slide,600,600,r2,-0.0015844358807948211,-0.010702626872485604,0.0018239061651767424,0.0
F,2,dinov2_b,base,2,mean,scene_pooled,base,log_mass,600,600,r2,-0.000888533638727651,-0.013420244545899311,0.00459599814721466,0.0
F,2,dinov2_b,base,5,cls,scene_pooled,base,friction_slide,600,600,r2,-0.002704870938759818,-0.012098364962638409,0.0011475791233864917,0.0
F,2,dinov2_b,base,5,cls,scene_pooled,base,log_mass,600,600,r2,-0.005518788329925695,-0.01826767956338534,0.00018273531669728686,0.0
F,2,dinov2_b,base,5,mean,scene_pooled,base,friction_slide,600,600,r2,-0.0014278984306033138,-0.010989346104530007,0.002446778442624948,0.0
F,2,dinov2_b,base,5,mean,scene_pooled,base,log_mass,600,600,r2,-0.0013941317834973432,-0.013489449786593749,0.004090480667578837,0.0
F,2,dinov2_b,base,8,cls,scene_pooled,base,friction_slide,600,600,r2,0.0067075795442426145,-0.027052863724925887,0.03408268159203602,0.0
F,2,dinov2_b,base,8,cls,scene_pooled,base,log_mass,600,600,r2,-0.0032282964178138585,-0.015555490413949453,0.0016204655027283537,0.0
F,2,dinov2_b,base,8,mean,scene_pooled,base,friction_slide,600,600,r2,-0.0013444822845938287,-0.010356969585503473,0.0021432482387324934,0.0
F,2,dinov2_b,base,8,mean,scene_pooled,base,log_mass,600,600,r2,-0.002157816113762978,-0.01497670711604825,0.0033607247442857227,0.0
F,2,random_b,base,11,cls,scene_pooled,base,friction_slide,600,600,r2,-0.0017693571541372854,-0.012046013063413135,0.00281043978916704,0.0
F,2,random_b,base,11,cls,scene_pooled,base,log_mass,600,600,r2,-0.0016567274432599532,-0.014192922708703625,0.0033815657268544356,0.0
F,2,random_b,base,11,mean,scene_pooled,base,friction_slide,600,600,r2,-0.0013286833895971295,-0.011451344339173209,0.00323144229678058,0.0
F,2,random_b,base,11,mean,scene_pooled,base,log_mass,600,600,r2,-0.0011411279599777835,-0.013212893121899072,0.0031190676867204428,0.0
F,2,random_b,base,2,cls,scene_pooled,base,friction_slide,600,600,r2,-0.002303832904244185,-0.01241800607033034,0.002031562251903527,0.0
F,2,random_b,base,2,cls,scene_pooled,base,log_mass,600,600,r2,-0.0022731600979279953,-0.014441230899592022,0.0022162790473322577,0.0
F,2,random_b,base,2,mean,scene_pooled,base,friction_slide,600,600,r2,-0.001590956356246176,-0.01155524369083733,0.0029607263280979415,0.0
F,2,random_b,base,2,mean,scene_pooled,base,log_mass,600,600,r2,-0.001079127155503512,-0.013032671741346097,0.0029187671822978856,0.0
F,2,random_b,base,5,cls,scene_pooled,base,friction_slide,600,600,r2,-0.002192357724756455,-0.01231162614386121,0.0022982417842532326,0.0
F,2,random_b,base,5,cls,scene_pooled,base,log_mass,600,600,r2,-0.0018983358951027984,-0.01437373218379751,0.002911638144010463,0.0
F,2,random_b,base,5,mean,scene_pooled,base,friction_slide,600,600,r2,-0.0014241113630826252,-0.011537376587429498,0.0031225148310161763,0.0
F,2,random_b,base,5,mean,scene_pooled,base,log_mass,600,600,r2,-0.001191003436740834,-0.01336410332530385,0.0030909056834716843,0.0
F,2,random_b,base,8,cls,scene_pooled,base,friction_slide,600,600,r2,-0.0019134622211665064,-0.012294909832211542,0.0027614876383450274,0.0
F,2,random_b,base,8,cls,scene_pooled,base,log_mass,600,600,r2,-0.0018004577495234209,-0.01441029785272897,0.003187937403425555,0.0
F,2,random_b,base,8,mean,scene_pooled,base,friction_slide,600,600,r2,-0.0012963127284497666,-0.011304791080423048,0.0031229406702696105,0.0
F,2,random_b,base,8,mean,scene_pooled,base,log_mass,600,600,r2,-0.0011287409011440097,-0.013422933281236681,0.0032645691907639287,0.0
F,2,videomae_b,base,11,mean,real,base,friction_slide,600,600,r2,0.3459906191438842,0.2882617649888062,0.3953617550023018,0.0
F,2,videomae_b,base,11,mean,real,base,log_mass,600,600,r2,-0.00033826408789061624,-0.012595155295214506,0.005137809081300844,0.0
F,2,videomae_b,base,2,mean,real,base,friction_slide,600,600,r2,0.19481211844174007,0.12716255384302488,0.2590262976065529,0.0
F,2,videomae_b,base,2,mean,real,base,log_mass,600,600,r2,-0.0008351470547218742,-0.012718708141343505,0.004052420388639877,0.0
F,2,videomae_b,base,5,mean,real,base,friction_slide,600,600,r2,0.37627068381484763,0.31619489171283877,0.4306582171243985,0.0
F,2,videomae_b,base,5,mean,real,base,log_mass,600,600,r2,-0.0005141596239506274,-0.012585590778207562,0.004444177769604666,0.0
F,2,videomae_b,base,8,mean,real,base,friction_slide,600,600,r2,0.3915845496822653,0.33288693519566026,0.44250252008934,0.0
F,2,videomae_b,base,8,mean,real,base,log_mass,600,600,r2,0.00017237371864919915,-0.012321560509838236,0.0055097667101658195,0.0
F,2,vjepa2,base,11,mean,real,base,friction_slide,600,600,r2,0.5173028921018025,0.460126161147499,0.5630134065496273,0.0
F,2,vjepa2,base,11,mean,real,base,log_mass,600,600,r2,0.00018307990353449988,-0.011819544378110142,0.005557147246699231,0.0
F,2,vjepa2,base,17,mean,real,base,friction_slide,600,600,r2,0.5991001729206531,0.5547686053194115,0.6397803752309996,0.0
F,2,vjepa2,base,17,mean,real,base,log_mass,600,600,r2,-0.0008688448386771075,-0.012299267858584284,0.0034492419223211422,0.0
F,2,vjepa2,base,23,mean,real,base,friction_slide,600,600,r2,0.5710911878415843,0.5243737997275992,0.6159686217775695,0.0
F,2,vjepa2,base,23,mean,real,base,log_mass,600,600,r2,-0.003252690761634147,-0.014828521586541066,0.0018271757260082614,0.0
F,2,vjepa2,base,5,mean,real,base,friction_slide,600,600,r2,0.3985877287545041,0.3346436521087929,0.4546855818337593,0.0
F,2,vjepa2,base,5,mean,real,base,log_mass,600,600,r2,-0.0008476630153408937,-0.012460081052439658,0.004110508763669938,0.0
F,3,dinov2_b,base,11,cls,scene_pooled,base,friction_slide,600,600,r2,0.011610241290993528,-0.02647987247344824,0.046133199706755015,0.0
F,3,dinov2_b,base,11,cls,scene_pooled,base,log_mass,600,600,r2,-0.0001645752097789721,-0.009665852453618696,0.003193035711233335,0.0
F,3,dinov2_b,base,11,mean,scene_pooled,base,friction_slide,600,600,r2,-0.0013209282375354903,-0.052117537787312485,0.04400900069096573,0.0
F,3,dinov2_b,base,11,mean,scene_pooled,base,log_mass,600,600,r2,-0.0008975571185632081,-0.010677613280275371,0.003642218707445518,0.0
F,3,dinov2_b,base,2,cls,scene_pooled,base,friction_slide,600,600,r2,6.983704210794528e-05,-0.010582554304409636,0.0042297331894660915,0.0
F,3,dinov2_b,base,2,cls,scene_pooled,base,log_mass,600,600,r2,-4.519056363649909e-05,-0.009445953665530315,0.0029702217731754485,0.0
F,3,dinov2_b,base,2,mean,scene_pooled,base,friction_slide,600,600,r2,-0.001394513548540699,-0.012224463234931598,0.0031172140623334783,0.0
F,3,dinov2_b,base,2,mean,scene_pooled,base,log_mass,600,600,r2,0.001988835590220339,-0.008178063568659761,0.007208603889935636,0.0
F,3,dinov2_b,base,5,cls,scene_pooled,base,friction_slide,600,600,r2,1.2803582442377781e-05,-0.010621308537632951,0.004052935248093833,0.0
F,3,dinov2_b,base,5,cls,scene_pooled,base,log_mass,600,600,r2,0.0016884003344753706,-0.007993152749823868,0.005282360178812133,0.0
F,3,dinov2_b,base,5,mean,scene_pooled,base,friction_slide,600,600,r2,0.00019493910689094562,-0.01136590443796882,0.004919062272158359,0.0
F,3,dinov2_b,base,5,mean,scene_pooled,base,log_mass,600,600,r2,0.002167361532479317,-0.007874181996481966,0.007499958292085293,0.0
F,3,dinov2_b,base,8,cls,scene_pooled,base,friction_slide,600,600,r2,0.0062102667952806945,-0.029332741332816104,0.03908580710672791,0.0
F,3,dinov2_b,base,8,cls,scene_pooled,base,log_mass,600,600,r2,0.0004739201436090301,-0.00949072843118053,0.004768833720780705,0.0
F,3,dinov2_b,base,8,mean,scene_pooled,base,friction_slide,600,600,r2,-0.002284834324799423,-0.027946821084368228,0.020325673475510425,0.0
F,3,dinov2_b,base,8,mean,scene_pooled,base,log_mass,600,600,r2,0.0016730888865172933,-0.008778888045709855,0.006954671762184979,0.0
F,3,random_b,base,11,cls,scene_pooled,base,friction_slide,600,600,r2,0.001290442700352612,-0.009497660674711444,0.0050896951447139205,0.0
F,3,random_b,base,11,cls,scene_pooled,base,log_mass,600,600,r2,0.00084958692579018,-0.008766978288178228,0.004666368235895538,0.0
F,3,random_b,base,11,mean,scene_pooled,base,friction_slide,600,600,r2,0.0012815754753900954,-0.009804412373412712,0.0055889783582118826,0.0
F,3,random_b,base,11,mean,scene_pooled,base,log_mass,600,600,r2,0.0005043898917823642,-0.008949396649139314,0.003956589365247568,0.0
F,3,random_b,base,2,cls,scene_pooled,base,friction_slide,600,600,r2,0.0016126243928135109,-0.009013972925910696,0.004743684291422614,0.0
F,3,random_b,base,2,cls,scene_pooled,base,log_mass,600,600,r2,0.0005468409676581132,-0.008860307498255499,0.0037618135604109925,0.0
F,3,random_b,base,2,mean,scene_pooled,base,friction_slide,600,600,r2,0.0010764099876788835,-0.009936495615015228,0.005406615628701783,0.0
F,3,random_b,base,2,mean,scene_pooled,base,log_mass,600,600,r2,0.0004460851157688239,-0.00909112683638456,0.003703683875193881,0.0
F,3,random_b,base,5,cls,scene_pooled,base,friction_slide,600,600,r2,0.0014406339606642948,-0.009353702880851661,0.0047913684036251115,0.0
F,3,random_b,base,5,cls,scene_pooled,base,log_mass,600,600,r2,0.0009366177519252172,-0.0085548960048349,0.0044969183234107,0.0
F,3,random_b,base,5,mean,scene_pooled,base,friction_slide,600,600,r2,0.0011350283924248528,-0.010028780303915252,0.0056084940078549,0.0
F,3,random_b,base,5,mean,scene_pooled,base,log_mass,600,600,r2,0.0005330152982662151,-0.009043881069599219,0.004004959741999289,0.0
F,3,random_b,base,8,cls,scene_pooled,base,friction_slide,600,600,r2,0.0014762232184061252,-0.009448343596195573,0.00522794039620631,0.0
F,3,random_b,base,8,cls,scene_pooled,base,log_mass,600,600,r2,0.0008243632743700768,-0.008806233811055974,0.004639495579094426,0.0
F,3,random_b,base,8,mean,scene_pooled,base,friction_slide,600,600,r2,0.001091997244437204,-0.010010483857756314,0.00541411049837994,0.0
F,3,random_b,base,8,mean,scene_pooled,base,log_mass,600,600,r2,0.0005717037149657322,-0.00899602447382079,0.004077702536972954,0.0
F,3,videomae_b,base,11,mean,real,base,friction_slide,600,600,r2,0.3333626158970393,0.26921356171606403,0.3941754259095377,0.0
F,3,videomae_b,base,11,mean,real,base,log_mass,600,600,r2,0.0003472928756197424,-0.010177999250041203,0.006071421981583928,0.0
F,3,videomae_b,base,2,mean,real,base,friction_slide,600,600,r2,0.2072415802896065,0.13128271239529885,0.2724337579029086,0.0
F,3,videomae_b,base,2,mean,real,base,log_mass,600,600,r2,0.0008455098573598718,-0.009294789715029811,0.005880812765387671,0.0
F,3,videomae_b,base,5,mean,real,base,friction_slide,600,600,r2,0.3399683992042465,0.2739818746837463,0.4012481329336597,0.0
F,3,videomae_b,base,5,mean,real,base,log_mass,600,600,r2,0.00024409519784285294,-0.010011680585671595,0.005616581757686175,0.0
F,3,videomae_b,base,8,mean,real,base,friction_slide,600,600,r2,0.3791497360382319,0.32197004288400877,0.4320989490486623,0.0
F,3,videomae_b,base,8,mean,real,base,log_mass,600,600,r2,0.00015691316077937056,-0.010687643191088836,0.0061567561153696975,0.0
F,3,vjepa2,base,11,mean,real,base,friction_slide,600,600,r2,0.5114328308257854,0.454960389502082,0.5637589407166244,0.0
F,3,vjepa2,base,11,mean,real,base,log_mass,600,600,r2,0.0030711533311690298,-0.006896904759514788,0.007476531510438905,0.0
F,3,vjepa2,base,17,mean,real,base,friction_slide,600,600,r2,0.6071689905630251,0.5633238903581559,0.6476064560920802,0.0
F,3,vjepa2,base,17,mean,real,base,log_mass,600,600,r2,0.003033951512105282,-0.006539183358978079,0.005994798226564953,0.0
F,3,vjepa2,base,23,mean,real,base,friction_slide,600,600,r2,0.5705267837897361,0.5204412660530962,0.6154746978157846,0.0
F,3,vjepa2,base,23,mean,real,base,log_mass,600,600,r2,-0.0016504845193054951,-0.011327319781539568,0.002536546263640104,0.0
F,3,vjepa2,base,5,mean,real,base,friction_slide,600,600,r2,0.36859979553299493,0.30415512879164225,0.4238701028903924,0.0
F,3,vjepa2,base,5,mean,real,base,log_mass,600,600,r2,0.0003547395530414388,-0.009939506278352234,0.005036076407263229,0.0
F,4,dinov2_b,base,11,cls,scene_pooled,base,friction_slide,600,600,r2,-0.0007086780353602329,-0.03906136265744339,0.03371156545074958,0.0
F,4,dinov2_b,base,11,cls,scene_pooled,base,log_mass,600,600,r2,-0.00179299127529986,-0.013886446768838384,0.0031517417197022136,0.0
F,4,dinov2_b,base,11,mean,scene_pooled,base,friction_slide,600,600,r2,0.004001868848067414,-0.0357817069274709,0.03816781476626225,0.0
F,4,dinov2_b,base,11,mean,scene_pooled,base,log_mass,600,600,r2,-0.0012078952839489343,-0.01276849774411149,0.003919110507833469,0.0
F,4,dinov2_b,base,2,cls,scene_pooled,base,friction_slide,600,600,r2,-0.007737521670364789,-0.020708383512789395,0.00013751286091709392,0.0
F,4,dinov2_b,base,2,cls,scene_pooled,base,log_mass,600,600,r2,-0.004754312143427475,-0.016098695213679827,4.450865682670406e-05,0.0
F,4,dinov2_b,base,2,mean,scene_pooled,base,friction_slide,600,600,r2,-0.007283923566271833,-0.019329673964223505,0.00010739969929993979,0.0
F,4,dinov2_b,base,2,mean,scene_pooled,base,log_mass,600,600,r2,-0.003959847054660903,-0.016506435303804266,0.002975732934140007,0.0
F,4,dinov2_b,base,5,cls,scene_pooled,base,friction_slide,600,600,r2,-0.0026129818582809605,-0.011958678593597366,0.0008898952475226724,0.0
F,4,dinov2_b,base,5,cls,scene_pooled,base,log_mass,600,600,r2,-0.005598611197233483,-0.017370920339331797,0.0002336227426263249,0.0
F,4,dinov2_b,base,5,mean,scene_pooled,base,friction_slide,600,600,r2,-0.007246847072612361,-0.02067603442664236,0.0013265668647639518,0.0
F,4,dinov2_b,base,5,mean,scene_pooled,base,log_mass,600,600,r2,-0.0032188301561977273,-0.015333704371632678,0.0030225336900143195,0.0
F,4,dinov2_b,base,8,cls,scene_pooled,base,friction_slide,600,600,r2,-0.0183243440384262,-0.05731140879888032,0.015853189694685906,0.0
F,4,dinov2_b,base,8,cls,scene_pooled,base,log_mass,600,600,r2,-0.0017678671708452054,-0.014303566437102955,0.0037946413303341117,0.0
F,4,dinov2_b,base,8,mean,scene_pooled,base,friction_slide,600,600,r2,-0.010500986606954532,-0.027323808613729895,0.0024456780988821986,0.0
F,4,dinov2_b,base,8,mean,scene_pooled,base,log_mass,600,600,r2,-0.0008903894468832441,-0.012666835702933272,0.005019501869915607,0.0
F,4,random_b,base,11,cls,scene_pooled,base,friction_slide,600,600,r2,-0.0032533367477998176,-0.01340132946067753,0.0012451538653850986,0.0
F,4,random_b,base,11,cls,scene_pooled,base,log_mass,600,600,r2,-0.0006881710337964808,-0.012163163445006408,0.0032953430837312785,0.0
F,4,random_b,base,11,mean,scene_pooled,base,friction_slide,600,600,r2,-0.020836409859647853,-0.046275965110037974,-0.0011736882524549309,0.0
F,4,random_b,base,11,mean,scene_pooled,base,log_mass,600,600,r2,-0.000870930316032803,-0.012198510100998327,0.0028985457787807896,0.0
F,4,random_b,base,2,cls,scene_pooled,base,friction_slide,600,600,r2,-0.016481219485933396,-0.03371296873261982,-0.004248717814426591,0.0
F,4,random_b,base,2,cls,scene_pooled,base,log_mass,600,600,r2,-0.0016025210815007185,-0.01263708057193103,0.00193123941584886,0.0
F,4,random_b,base,2,mean,scene_pooled,base,friction_slide,600,600,r2,-0.0010411445918767637,-0.010990350164326335,0.003256561726186481,0.0
F,4,random_b,base,2,mean,scene_pooled,base,log_mass,600,600,r2,-0.0006688641385388383,-0.01190618885736695,0.002888658261287509,0.0
F,4,random_b,base,5,cls,scene_pooled,base,friction_slide,600,600,r2,-0.0034829740113730967,-0.013713589268698367,0.0008594573801336956,0.0
F,4,random_b,base,5,cls,scene_pooled,base,log_mass,600,600,r2,-0.0008680369544751265,-0.012323512799672769,0.00295401041418781,0.0
F,4,random_b,base,5,mean,scene_pooled,base,friction_slide,600,600,r2,-0.021194254579135707,-0.04577552338811593,-0.0021850969094728283,0.0
F,4,random_b,base,5,mean,scene_pooled,base,log_mass,600,600,r2,-0.000696652298737499,-0.012025285174174616,0.0031997109038721066,0.0
F,4,random_b,base,8,cls,scene_pooled,base,friction_slide,600,600,r2,-0.003302108826619854,-0.013586109786055345,0.0013167046051820728,0.0
F,4,random_b,base,8,cls,scene_pooled,base,log_mass,600,600,r2,-0.000780362475755414,-0.012364086290364801,0.0031566412907195304,0.0
F,4,random_b,base,8,mean,scene_pooled,base,friction_slide,600,600,r2,-0.0014794565855862363,-0.011724270836646473,0.0028775197981214234,0.0
F,4,random_b,base,8,mean,scene_pooled,base,log_mass,600,600,r2,-0.0007254955520625828,-0.012065785140189545,0.0031467234835158733,0.0
F,4,videomae_b,base,11,mean,real,base,friction_slide,600,600,r2,0.27709792243216136,0.21312120688698327,0.3354387648645775,0.0
F,4,videomae_b,base,11,mean,real,base,log_mass,600,600,r2,-0.0021394613858407574,-0.014175849041223687,0.004017690203859556,0.0
F,4,videomae_b,base,2,mean,real,base,friction_slide,600,600,r2,0.11191151327266657,0.030951360679258418,0.18297269545776124,0.0
F,4,videomae_b,base,2,mean,real,base,log_mass,600,600,r2,-0.0031947450949427747,-0.014778697712469657,0.002527553889933745,0.0
F,4,videomae_b,base,5,mean,real,base,friction_slide,600,600,r2,0.32928962537426276,0.25953553466326673,0.39274223491220883,0.0
F,4,videomae_b,base,5,mean,real,base,log_mass,600,600,r2,-0.0023629937571272297,-0.014178065901664604,0.003342070914097232,0.0
F,4,videomae_b,base,8,mean,real,base,friction_slide,600,600,r2,0.33854510917723246,0.2728282171356593,0.40026893358036847,0.0
F,4,videomae_b,base,8,mean,real,base,log_mass,600,600,r2,-0.0023298670883040717,-0.014005046386406105,0.004120529454311317,0.0
F,4,vjepa2,base,11,mean,real,base,friction_slide,600,600,r2,0.46491397399096335,0.402670885821697,0.5201471088038385,0.0
F,4,vjepa2,base,11,mean,real,base,log_mass,600,600,r2,-0.0015566864800402591,-0.013965482342484275,0.005120218117456556,0.0
F,4,vjepa2,base,17,mean,real,base,friction_slide,600,600,r2,0.5648730306419008,0.5113572285891729,0.6123243558251557,0.0
F,4,vjepa2,base,17,mean,real,base,log_mass,600,600,r2,-0.003735995025357486,-0.015972709342152124,0.0018714479856078887,0.0
F,4,vjepa2,base,23,mean,real,base,friction_slide,600,600,r2,0.5258801669302102,0.46826188170763183,0.5793379809077275,0.0
F,4,vjepa2,base,23,mean,real,base,log_mass,600,600,r2,-0.004363587001072977,-0.016585963347271283,0.0012336873059427672,0.0
F,4,vjepa2,base,5,mean,real,base,friction_slide,600,600,r2,0.30355605239909267,0.22361607998283514,0.3705544606913036,0.0
F,4,vjepa2,base,5,mean,real,base,log_mass,600,600,r2,-0.0029761391899667533,-0.014291781515753988,0.0027324356672250075,0.0