exp,encoder,train_condition,layer,view,task,eval_condition,target,metric,value,ci_low,ci_high,seed_sd,n_seeds,trivial,majority_rate
D,dinov2_b,base,2,cls,real,base,contact_state,auroc,0.8858697916666667,0.877728755787037,0.8947579716435184,0.0012053849725704754,5,0.5,0.6
D,dinov2_b,base,2,cls,real,base,contact_state,balanced_accuracy,0.7888611111111111,0.7743732638888889,0.8058333333333333,0.004511345437263838,5,0.5,0.6
D,dinov2_b,base,2,cls,real,base,ee_obj_dist,r2,0.7870527160279698,0.7651394931437797,0.807445200829217,0.007171942082894569,5,0.0,
D,dinov2_b,base,2,cls,real,base,friction_slide,r2,-0.006652229946765576,-0.038014580547180495,0.008881158628122257,0.006710583351819245,5,0.0,
D,dinov2_b,base,2,cls,real,base,log_mass,r2,-0.006005331792438584,-0.024525871216482413,0.004716871882296351,0.004212586393790943,5,0.0,
D,dinov2_b,base,2,cls,real,base,obj_pos_x,r2,0.7656321288920551,0.7368820978272165,0.7875806638339243,0.0075892849269556225,5,0.0,
D,dinov2_b,base,2,cls,real,base,obj_pos_y,r2,0.7257940633170586,0.6935780948447274,0.7554361231152004,0.007827773692819305,5,0.0,
D,dinov2_b,base,2,cls,real,base,obj_speed,r2,0.1496043025680158,0.10577017886775211,0.18483260168741839,0.012444412659508507,5,0.0,
D,dinov2_b,base,2,cls,real,base,support_state,auroc,0.8165786522220717,0.7903182759799227,0.849257521931592,0.008975549337070884,5,0.5,0.8443333333333334
D,dinov2_b,base,2,cls,real,base,support_state,balanced_accuracy,0.6897919035669057,0.660231738248908,0.7182697847375715,0.00924374923145565,5,0.5,0.8443333333333334
D,dinov2_b,base,2,mean,real,base,contact_state,auroc,0.919399537037037,0.9114021296296296,0.9263409143518518,0.0016211990291830122,5,0.5,0.6
D,dinov2_b,base,2,mean,real,base,contact_state,balanced_accuracy,0.8339722222222221,0.8202725694444445,0.8474305555555555,0.003611485023376678,5,0.5,0.6
D,dinov2_b,base,2,mean,real,base,ee_obj_dist,r2,0.8878136656875366,0.8752462490633071,0.8989311101009436,0.0028516101734575973,5,0.0,
D,dinov2_b,base,2,mean,real,base,friction_slide,r2,-0.00912895775165885,-0.03909375886374084,0.004251990546797389,0.005529266568373567,5,0.0,
D,dinov2_b,base,2,mean,real,base,log_mass,r2,-0.005270605665239958,-0.02404152295035571,0.009009592502902886,0.003848314103087095,5,0.0,
D,dinov2_b,base,2,mean,real,base,obj_pos_x,r2,0.8693321305016319,0.8487067149670262,0.8888410884167554,0.005604947799991378,5,0.0,
D,dinov2_b,base,2,mean,real,base,obj_pos_y,r2,0.8223171155221252,0.788015050864556,0.8435503089729873,0.00828720289282532,5,0.0,
D,dinov2_b,base,2,mean,real,base,obj_speed,r2,0.1894797442728524,0.15310294651103823,0.2180476173171936,0.009761366863388578,5,0.0,
D,dinov2_b,base,2,mean,real,base,support_state,auroc,0.8434123848641146,0.818596945132409,0.8685681800645196,0.0056147773597300535,5,0.5,0.8443333333333334
D,dinov2_b,base,2,mean,real,base,support_state,balanced_accuracy,0.7168507470873612,0.6914346197811325,0.7412934322438878,0.0044917978475987235,5,0.5,0.8443333333333334
D,dinov2_b,base,5,cls,real,base,contact_state,auroc,0.9410616898148149,0.9337362471064815,0.9481077112268519,0.001589912117983173,5,0.5,0.6
D,dinov2_b,base,5,cls,real,base,contact_state,balanced_accuracy,0.8594444444444445,0.8468055555555556,0.8745138888888888,0.00366940133711746,5,0.5,0.6
D,dinov2_b,base,5,cls,real,base,ee_obj_dist,r2,0.9033347009422069,0.8912671624954902,0.9124562209846542,0.0026728166245442503,5,0.0,
D,dinov2_b,base,5,cls,real,base,friction_slide,r2,-0.006926215869374608,-0.036698243906228216,0.0075047286501385615,0.00626262773323789,5,0.0,
D,dinov2_b,base,5,cls,real,base,log_mass,r2,-0.009144514751007683,-0.02950089308151161,0.006652287559754893,0.005687103933781446,5,0.0,
D,dinov2_b,base,5,cls,real,base,obj_pos_x,r2,0.9037319979149088,0.8822638680674418,0.917115937646232,0.004729275509862138,5,0.0,
D,dinov2_b,base,5,cls,real,base,obj_pos_y,r2,0.837677545624145,0.8146093279109448,0.8563893256725568,0.003937867766436327,5,0.0,
D,dinov2_b,base,5,cls,real,base,obj_speed,r2,0.22252993059518827,0.18060800242307262,0.25531760888699034,0.010989201329413105,5,0.0,
D,dinov2_b,base,5,cls,real,base,support_state,auroc,0.8733327319130048,0.8508268877119372,0.9020151609076099,0.007996684769703504,5,0.5,0.8443333333333334
D,dinov2_b,base,5,cls,real,base,support_state,balanced_accuracy,0.7398149970612564,0.7121501403885837,0.7692300703611308,0.0079219009775244,5,0.5,0.8443333333333334
D,dinov2_b,base,5,mean,real,base,contact_state,auroc,0.9426742592592593,0.9368826215277778,0.949218509837963,0.0012151496109664385,5,0.5,0.6
D,dinov2_b,base,5,mean,real,base,contact_state,balanced_accuracy,0.861375,0.8497916666666667,0.8738888888888889,0.002379584593895824,5,0.5,0.6
D,dinov2_b,base,5,mean,real,base,ee_obj_dist,r2,0.9210185949113978,0.9127137073977216,0.9288378786713062,0.0018320129573338854,5,0.0,
D,dinov2_b,base,5,mean,real,base,friction_slide,r2,-0.007581449013457764,-0.03357098880483357,0.008737117785049322,0.0047044894229614055,5,0.0,
D,dinov2_b,base,5,mean,real,base,log_mass,r2,-0.005686386692681867,-0.029924677244350086,0.012516891702746927,0.006181131457993827,5,0.0,
D,dinov2_b,base,5,mean,real,base,obj_pos_x,r2,0.9154346226266064,0.8967613259282289,0.9295678695596996,0.004709689418979256,5,0.0,
D,dinov2_b,base,5,mean,real,base,obj_pos_y,r2,0.8767904140801616,0.8471228803277433,0.8965416619726452,0.006042474262310917,5,0.0,
D,dinov2_b,base,5,mean,real,base,obj_speed,r2,0.23466680250139146,0.19563728624234755,0.2668151875020448,0.010063093770487084,5,0.0,
D,dinov2_b,base,5,mean,real,base,support_state,auroc,0.8755916283013395,0.8539014538445682,0.9002555841936553,0.0062534950281129716,5,0.5,0.8443333333333334
D,dinov2_b,base,5,mean,real,base,support_state,balanced_accuracy,0.7516580670096533,0.7278902504153884,0.7862368287458261,0.008809767466365347,5,0.5,0.8443333333333334
D,dinov2_b,base,8,cls,real,base,contact_state,auroc,0.9605420833333334,0.9549400607638889,0.9652276736111112,0.0009641063746705432,5,0.5,0.6
D,dinov2_b,base,8,cls,real,base,contact_state,balanced_accuracy,0.8900972222222222,0.8790277777777777,0.8995833333333334,0.002100209425183497,5,0.5,0.6
D,dinov2_b,base,8,cls,real,base,ee_obj_dist,r2,0.9272650150429176,0.9184620832470645,0.9345215631107862,0.002077096076846409,5,0.0,
D,dinov2_b,base,8,cls,real,base,friction_slide,r2,-0.00620538333477807,-0.03906300124297456,0.011486618637821997,0.008171475787664483,5,0.0,
D,dinov2_b,base,8,cls,real,base,log_mass,r2,-0.006409917440524016,-0.025652524082677493,0.008036646485601637,0.004288991054653401,5,0.0,
D,dinov2_b,base,8,cls,real,base,obj_pos_x,r2,0.920849909534861,0.9012981043218483,0.9331178223427496,0.00487988279814607,5,0.0,
D,dinov2_b,base,8,cls,real,base,obj_pos_y,r2,0.8777244459155057,0.8590553055482283,0.893953056180163,0.004037016095556526,5,0.0,
D,dinov2_b,base,8,cls,real,base,obj_speed,r2,0.24771072976692116,0.19971622518469148,0.28451056762239235,0.01259132701876681,5,0.0,
D,dinov2_b,base,8,cls,real,base,support_state,auroc,0.8918761171243041,0.8705686227228993,0.915805738114363,0.006949457959391134,5,0.5,0.8443333333333334
D,dinov2_b,base,8,cls,real,base,support_state,balanced_accuracy,0.7571370962635604,0.7311365717407221,0.7831288247276892,0.0061984055066867634,5,0.5,0.8443333333333334
D,dinov2_b,base,8,mean,real,base,contact_state,auroc,0.9546739583333335,0.9481138339120371,0.9619410416666667,0.0017633503509810985,5,0.5,0.6
D,dinov2_b,base,8,mean,real,base,contact_state,balanced_accuracy,0.8776666666666667,0.8655555555555556,0.8897916666666668,0.0033044465926915316,5,0.5,0.6
D,dinov2_b,base,8,mean,real,base,ee_obj_dist,r2,0.9359105617438447,0.9304222301019062,0.9411070062309583,0.0007546140966710719,5,0.0,
D,dinov2_b,base,8,mean,real,base,friction_slide,r2,-0.005277760852510171,-0.03369240933470853,0.010781204874825485,0.005859830234402854,5,0.0,
D,dinov2_b,base,8,mean,real,base,log_mass,r2,-0.005018031027941849,-0.02690251589906701,0.011504358042751864,0.00563539376205317,5,0.0,
D,dinov2_b,base,8,mean,real,base,obj_pos_x,r2,0.927682399885874,0.9120870657238561,0.9386418542205316,0.003605408417271729,5,0.0,
D,dinov2_b,base,8,mean,real,base,obj_pos_y,r2,0.8967853516710124,0.8754138847100182,0.9122063487268061,0.004824935512418094,5,0.0,
D,dinov2_b,base,8,mean,real,base,obj_speed,r2,0.2542271201390922,0.21158640010706195,0.288913257148175,0.011975602253180444,5,0.0,
D,dinov2_b,base,8,mean,real,base,support_state,auroc,0.8931942773299996,0.875875842626793,0.9150818933458115,0.005502950529750392,5,0.5,0.8443333333333334
D,dinov2_b,base,8,mean,real,base,support_state,balanced_accuracy,0.7617080920041676,0.7304137133154852,0.7948854612078659,0.009715214820697923,5,0.5,0.8443333333333334
D,dinov2_b,base,11,cls,real,base,contact_state,auroc,0.9624666666666666,0.9571787413194445,0.9677009780092592,0.0012418554085531545,5,0.5,0.6
D,dinov2_b,base,11,cls,real,base,contact_state,balanced_accuracy,0.8901388888888888,0.878123263888889,0.903265625,0.0035336237651425496,5,0.5,0.6
D,dinov2_b,base,11,cls,real,base,ee_obj_dist,r2,0.9211069116089996,0.9117939133556348,0.9281401894233559,0.0020968390205487234,5,0.0,
D,dinov2_b,base,11,cls,real,base,friction_slide,r2,-0.0017912594182261765,-0.028566342025785292,0.011309580219214585,0.005693468001164446,5,0.0,
D,dinov2_b,base,11,cls,real,base,log_mass,r2,-0.006409597819484381,-0.02286736908144903,0.004006084675520159,0.0026314994799567066,5,0.0,
D,dinov2_b,base,11,cls,real,base,obj_pos_x,r2,0.8941001152913444,0.8790490087021281,0.9072864245929538,0.003435277641736183,5,0.0,
D,dinov2_b,base,11,cls,real,base,obj_pos_y,r2,0.8594019779148316,0.8386659707781874,0.8786790532696603,0.005750599316443922,5,0.0,
D,dinov2_b,base,11,cls,real,base,obj_speed,r2,0.2427741169714403,0.2048056741027753,0.277485729100036,0.009227523357522895,5,0.0,
D,dinov2_b,base,11,cls,real,base,support_state,auroc,0.88911004884277,0.8668329831079061,0.9136028467159106,0.007725614145738622,5,0.5,0.8443333333333334
D,dinov2_b,base,11,cls,real,base,support_state,balanced_accuracy,0.7422734527718559,0.7192696830995,0.7663633103591594,0.004353900628254076,5,0.5,0.8443333333333334
D,dinov2_b,base,11,mean,real,base,contact_state,auroc,0.9619255324074073,0.9568475376157408,0.9673835908564815,0.0009922500634417704,5,0.5,0.6
D,dinov2_b,base,11,mean,real,base,contact_state,balanced_accuracy,0.8912916666666668,0.879234375,0.900765625,0.0025366145904032896,5,0.5,0.6
D,dinov2_b,base,11,mean,real,base,ee_obj_dist,r2,0.936806225946548,0.9298059394645204,0.9431115857871772,0.0014948277823719615,5,0.0,
D,dinov2_b,base,11,mean,real,base,friction_slide,r2,-0.00038292487084463646,-0.028153776629255417,0.01626477439062219,0.006113181614116135,5,0.0,
D,dinov2_b,base,11,mean,real,base,log_mass,r2,-0.006760286785948555,-0.027576842198017305,0.0069459309086129985,0.0034744008873284957,5,0.0,
D,dinov2_b,base,11,mean,real,base,obj_pos_x,r2,0.9171431733221972,0.9012405959246031,0.931217137480202,0.004303110909523556,5,0.0,
D,dinov2_b,base,11,mean,real,base,obj_pos_y,r2,0.8941251815738435,0.8757404750116158,0.9075129682325179,0.002498474772091781,5,0.0,
D,dinov2_b,base,11,mean,real,base,obj_speed,r2,0.2503176637444119,0.2092330826111576,0.28367733339962925,0.011708311675080513,5,0.0,
D,dinov2_b,base,11,mean,real,base,support_state,auroc,0.8967018787130481,0.8801116993181761,0.917940656221553,0.004874979139870632,5,0.5,0.8443333333333334
D,dinov2_b,base,11,mean,real,base,support_state,balanced_accuracy,0.7554025709328345,0.7301483507901512,0.7909311423549399,0.009120366237274939,5,0.5,0.8443333333333334
D,random_b,base,2,cls,real,base,contact_state,auroc,0.8391447453703703,0.8271306481481482,0.8516978153935185,0.003392434851574798,5,0.5,0.6
D,random_b,base,2,cls,real,base,contact_state,balanced_accuracy,0.7454444444444445,0.7322222222222222,0.7589583333333334,0.002711216414166229,5,0.5,0.6
D,random_b,base,2,cls,real,base,ee_obj_dist,r2,0.6012811072437951,0.5827611648262337,0.6217700311581612,0.002466106725140564,5,0.0,
D,random_b,base,2,cls,real,base,friction_slide,r2,-0.004359628566447849,-0.035326086199968174,0.008725705298580279,0.006735215272335511,5,0.0,
D,random_b,base,2,cls,real,base,log_mass,r2,-0.0011179264598705884,-0.016353571534177724,0.008331039831241317,0.002117704855491032,5,0.0,
D,random_b,base,2,cls,real,base,obj_pos_x,r2,0.449911255121661,0.3974076247104589,0.48402664967537096,0.007956982119871177,5,0.0,
D,random_b,base,2,cls,real,base,obj_pos_y,r2,0.4489843490620794,0.40008559493374,0.4921236728979109,0.014160294552638572,5,0.0,
D,random_b,base,2,cls,real,base,obj_speed,r2,0.08017884005365931,0.05581953130950844,0.09767331349815016,0.003988478311854242,5,0.0,
D,random_b,base,2,cls,real,base,support_state,auroc,0.7529434471285297,0.7256139836704498,0.7824001871979162,0.006383342407584811,5,0.5,0.8443333333333334
D,random_b,base,2,cls,real,base,support_state,balanced_accuracy,0.5869263042284334,0.5658017105715925,0.6080154364429323,0.004791392554459149,5,0.5,0.8443333333333334
D,random_b,base,2,mean,real,base,contact_state,auroc,0.8480182175925925,0.8386599652777779,0.8594762789351852,0.0026838556530501896,5,0.5,0.6
D,random_b,base,2,mean,real,base,contact_state,balanced_accuracy,0.7535833333333334,0.7399305555555555,0.7679166666666666,0.002948110924760388,5,0.5,0.6
D,random_b,base,2,mean,real,base,ee_obj_dist,r2,0.622358337837236,0.6001815611756243,0.6452738113988506,0.0063340575708444756,5,0.0,
D,random_b,base,2,mean,real,base,friction_slide,r2,-0.004415255207443014,-0.0432170685405726,0.009834275449169002,0.00889860130745224,5,0.0,
D,random_b,base,2,mean,real,base,log_mass,r2,-0.0003112346325827353,-0.016495095013270556,0.008958629964727679,0.0016860254442793907,5,0.0,
D,random_b,base,2,mean,real,base,obj_pos_x,r2,0.4957105190101113,0.46573274148531574,0.5248359937599272,0.00384283144287905,5,0.0,
D,random_b,base,2,mean,real,base,obj_pos_y,r2,0.5008358200094458,0.4617016153654284,0.5372057515027834,0.010124812161878584,5,0.0,
D,random_b,base,2,mean,real,base,obj_speed,r2,0.08730544679194237,0.05829382677551534,0.10722487190361168,0.006503622076860055,5,0.0,
D,random_b,base,2,mean,real,base,support_state,auroc,0.7566834950679047,0.7269863605545457,0.785050640666693,0.006480002830016089,5,0.5,0.8443333333333334
D,random_b,base,2,mean,real,base,support_state,balanced_accuracy,0.5988969119223337,0.5827606764409922,0.6163393716898017,0.0013659440756207827,5,0.5,0.8443333333333334
D,random_b,base,5,cls,real,base,contact_state,auroc,0.8422477777777777,0.8317165856481481,0.8539447974537037,0.0024768951292082684,5,0.5,0.6
D,random_b,base,5,cls,real,base,contact_state,balanced_accuracy,0.7502777777777778,0.7363194444444445,0.7638194444444444,0.003265218405339518,5,0.5,0.6
D,random_b,base,5,cls,real,base,ee_obj_dist,r2,0.6035602183571032,0.5719363799361361,0.627710762818213,0.00759111146200713,5,0.0,
D,random_b,base,5,cls,real,base,friction_slide,r2,-0.004546294243330085,-0.03485187905807442,0.008869909344968417,0.006424066730038652,5,0.0,
D,random_b,base,5,cls,real,base,log_mass,r2,-0.0004912767056202804,-0.015906005664272093,0.009183877983206188,0.0020415049527009238,5,0.0,
D,random_b,base,5,cls,real,base,obj_pos_x,r2,0.4593614426726405,0.4196514084769482,0.4965695226310846,0.008962329494429584,5,0.0,
D,random_b,base,5,cls,real,base,obj_pos_y,r2,0.4616063050961663,0.41920950438121096,0.49696397095664696,0.0101881260973593,5,0.0,
D,random_b,base,5,cls,real,base,obj_speed,r2,0.08334010685564083,0.0546260926826192,0.10307157105307906,0.006091952410479637,5,0.0,
D,random_b,base,5,cls,real,base,support_state,auroc,0.7561672481660626,0.7214739254169066,0.7892554131175565,0.009301059405041341,5,0.5,0.8443333333333334
D,random_b,base,5,cls,real,base,support_state,balanced_accuracy,0.5940555437663008,0.5720233058686898,0.6200626470877977,0.005665340231635501,5,0.5,0.8443333333333334
D,random_b,base,5,mean,real,base,contact_state,auroc,0.8497921759259259,0.8398258420138889,0.8610637644675926,0.0022556784336207896,5,0.5,0.6
D,random_b,base,5,mean,real,base,contact_state,balanced_accuracy,0.7566111111111111,0.7415277777777778,0.7694461805555555,0.0031906378285675627,5,0.5,0.6
D,random_b,base,5,mean,real,base,ee_obj_dist,r2,0.6236414798961588,0.5967188361385376,0.6470937261670981,0.006846735485497775,5,0.0,
D,random_b,base,5,mean,real,base,friction_slide,r2,-0.0038846760618553634,-0.041133686304156904,0.010290591395202704,0.00855117878323721,5,0.0,
D,random_b,base,5,mean,real,base,log_mass,r2,-0.0005369257028537744,-0.01670339218728615,0.008929461611434862,0.0019139181148882078,5,0.0,
D,random_b,base,5,mean,real,base,obj_pos_x,r2,0.49300038314877526,0.45513945419310536,0.5249648722453198,0.0070253644966718955,5,0.0,
D,random_b,base,5,mean,real,base,obj_pos_y,r2,0.5027479912389508,0.4642674636003519,0.5332550247256719,0.008256875915429533,5,0.0,
D,random_b,base,5,mean,real,base,obj_speed,r2,0.08825248728053939,0.059270785571492034,0.10889911875868126,0.006396429783832697,5,0.0,
D,random_b,base,5,mean,real,base,support_state,auroc,0.7602167533035388,0.7330828615695637,0.7893347842572007,0.00626482265150356,5,0.5,0.8443333333333334
D,random_b,base,5,mean,real,base,support_state,balanced_accuracy,0.6029581576272699,0.5808595193502673,0.6286837630832238,0.006872780558491796,5,0.5,0.8443333333333334
D,random_b,base,8,cls,real,base,contact_state,auroc,0.8449146064814814,0.8329213888888889,0.8555323466435185,0.003286692677580117,5,0.5,0.6
D,random_b,base,8,cls,real,base,contact_state,balanced_accuracy,0.7524444444444442,0.7331909722222223,0.7677100694444444,0.005337816402857729,5,0.5,0.6
D,random_b,base,8,cls,real,base,ee_obj_dist,r2,0.6105013641151686,0.5881234320852103,0.6293274103715703,0.004547715164547701,5,0.0,
D,random_b,base,8,cls,real,base,friction_slide,r2,-0.004750429715664017,-0.03567302348441448,0.008811859616765136,0.006484985595236063,5,0.0,
D,random_b,base,8,cls,real,base,log_mass,r2,-0.000593806518835005,-0.015858642989318567,0.009532779877769466,0.00191770795981943,5,0.0,
D,random_b,base,8,cls,real,base,obj_pos_x,r2,0.46568752114764667,0.4256195171787934,0.4998444593636637,0.009198441634066797,5,0.0,
D,random_b,base,8,cls,real,base,obj_pos_y,r2,0.47785743708058426,0.4345499548207854,0.5134392191894113,0.010617473970514575,5,0.0,
D,random_b,base,8,cls,real,base,obj_speed,r2,0.08217806316637859,0.056204879560222076,0.10055682222699777,0.0058113636692283446,5,0.0,
D,random_b,base,8,cls,real,base,support_state,auroc,0.7579343289734284,0.7274971209375161,0.7911207949017063,0.00821164919591802,5,0.5,0.8443333333333334
D,random_b,base,8,cls,real,base,support_state,balanced_accuracy,0.5935554703719844,0.5705757924333471,0.6176235057137082,0.006386954699815486,5,0.5,0.8443333333333334
D,random_b,base,8,mean,real,base,contact_state,auroc,0.854237013888889,0.8439855324074074,0.8660496498842593,0.0033329574950476987,5,0.5,0.6
D,random_b,base,8,mean,real,base,contact_state,balanced_accuracy,0.7581666666666667,0.7400677083333334,0.7778472222222221,0.007347812935715733,5,0.5,0.6
D,random_b,base,8,mean,real,base,ee_obj_dist,r2,0.626992632750386,0.6007400259706548,0.6492711363876557,0.005696506779707455,5,0.0,
D,random_b,base,8,mean,real,base,friction_slide,r2,-0.004609339401254009,-0.04374412351806975,0.009983529393054422,0.00916708201081274,5,0.0,
D,random_b,base,8,mean,real,base,log_mass,r2,-0.00056555200994719,-0.016890445367430694,0.009006872084160601,0.001932531939705719,5,0.0,
D,random_b,base,8,mean,real,base,obj_pos_x,r2,0.4890308498556797,0.45091438626322505,0.5221426910773233,0.00879622257856086,5,0.0,
D,random_b,base,8,mean,real,base,obj_pos_y,r2,0.5001606137658019,0.44678669737848714,0.5362691359254502,0.012904347921175658,5,0.0,
D,random_b,base,8,mean,real,base,obj_speed,r2,0.08854448369878982,0.06206417706036012,0.10748685379049386,0.004686448613359861,5,0.0,
D,random_b,base,8,mean,real,base,support_state,auroc,0.7638433510999645,0.7385002339321259,0.7902651584295588,0.005114155309251754,5,0.5,0.8443333333333334
D,random_b,base,8,mean,real,base,support_state,balanced_accuracy,0.6060016955481966,0.5798419795507334,0.632830818126055,0.008157885812503604,5,0.5,0.8443333333333334
D,random_b,base,11,cls,real,base,contact_state,auroc,0.84544625,0.8348040711805556,0.8567593576388889,0.0031708955255009496,5,0.5,0.6
D,random_b,base,11,cls,real,base,contact_state,balanced_accuracy,0.7500972222222223,0.7347899305555555,0.7677100694444444,0.004741301326809441,5,0.5,0.6
D,random_b,base,11,cls,real,base,ee_obj_dist,r2,0.6059593415374899,0.5801418471054984,0.6293245089295268,0.005825807812644629,5,0.0,
D,random_b,base,11,cls,real,base,friction_slide,r2,-0.005393540953932363,-0.04070314630044265,0.009098984837942043,0.007788427434110868,5,0.0,
D,random_b,base,11,cls,real,base,log_mass,r2,-0.000621088894609656,-0.016242942567745423,0.009202890968740947,0.0018069607991328203,5,0.0,
D,random_b,base,11,cls,real,base,obj_pos_x,r2,0.4654737957867067,0.40154233648325605,0.5053438162017697,0.013958331820672172,5,0.0,
D,random_b,base,11,cls,real,base,obj_pos_y,r2,0.4727946646151352,0.4320917098086867,0.5084438423203202,0.008810423415819111,5,0.0,
D,random_b,base,11,cls,real,base,obj_speed,r2,0.08329241552307294,0.05837035292324464,0.10168725784859342,0.004857686378713178,5,0.0,
D,random_b,base,11,cls,real,base,support_state,auroc,0.757280673779601,0.7266957566687167,0.7835649310583243,0.005623240599141576,5,0.5,0.8443333333333334
D,random_b,base,11,cls,real,base,support_state,balanced_accuracy,0.5940516818145033,0.5722120964484376,0.6154962476134939,0.004565544957022203,5,0.5,0.8443333333333334
D,random_b,base,11,mean,real,base,contact_state,auroc,0.8510813425925926,0.8418488049768519,0.8617336053240741,0.0020603538455722507,5,0.5,0.6
D,random_b,base,11,mean,real,base,contact_state,balanced_accuracy,0.757875,0.7390954861111111,0.7731250000000001,0.005139376853709468,5,0.5,0.6
D,random_b,base,11,mean,real,base,ee_obj_dist,r2,0.6268595440292772,0.598761367045597,0.6517969271823852,0.007924966105926941,5,0.0,
D,random_b,base,11,mean,real,base,friction_slide,r2,-0.00422529555989104,-0.04303751838709163,0.0103849285146557,0.009033048905604172,5,0.0,
D,random_b,base,11,mean,real,base,log_mass,r2,-0.0005928795055264891,-0.016832577123169407,0.00892802394683263,0.001915033435007928,5,0.0,
D,random_b,base,11,mean,real,base,obj_pos_x,r2,0.48366475483465177,0.45052005155940517,0.5143461315839106,0.006246594393455525,5,0.0,
D,random_b,base,11,mean,real,base,obj_pos_y,r2,0.5029098153452127,0.4550857517200243,0.5377294848931716,0.01051623284490721,5,0.0,
D,random_b,base,11,mean,real,base,obj_speed,r2,0.08887288924707928,0.06034893373684153,0.11004608565444414,0.005954331829375709,5,0.0,
D,random_b,base,11,mean,real,base,support_state,auroc,0.7625340002404056,0.7383879105533662,0.7872431018695565,0.003908874815261036,5,0.5,0.8443333333333334
D,random_b,base,11,mean,real,base,support_state,balanced_accuracy,0.6042421323703545,0.5807204471075755,0.6286765821052726,0.005451675325782595,5,0.5,0.8443333333333334